web_scraper_order,web_scraper_start_url,name,price,location,img_url
"1765139763-1","https://sn.coinafrique.com/categorie/autres-animaux?page=6","Chatons","Prix sur demande","Gorée, Dakar, Sénégal","https://sn.coinafrique.com/annonce/autres-animaux/chatons-2637004"
"1765139763-2","https://sn.coinafrique.com/categorie/autres-animaux?page=6","Oie","100 000CFA","Mbour, Sénégal","https://sn.coinafrique.com/annonce/autres-animaux/oie-2630503"
"1765139763-3","https://sn.coinafrique.com/categorie/autres-animaux?page=6","Oiseau Maknol","Prix sur demande","Kaffrine, Sénégal","https://sn.coinafrique.com/annonce/autres-animaux/oiseau-maknol-2583338"
"1765139763-4","https://sn.coinafrique.com/categorie/autres-animaux?page=6","Oies","80 000CFA","Diourbel, Sénégal","https://sn.coinafrique.com/annonce/autres-animaux/oies-2550824"
"1765139763-5","https://sn.coinafrique.com/categorie/autres-animaux?page=6","Vaches hollandaises","Prix sur demande","Saint Louis, Sénégal","https://sn.coinafrique.com/annonce/autres-animaux/vaches-hollandaises-2434087"
"1765139763-6","https://sn.coinafrique.com/categorie/autres-animaux?page=6","Géniteur hollandais Holstein","1 200 000CFA","Mboro, Sénégal","https://sn.coinafrique.com/annonce/autres-animaux/geniteur-hollandais-holstein-2430101"
"1765139763-7","https://sn.coinafrique.com/categorie/autres-animaux?page=6","Dindes","Prix sur demande","Mbour, Sénégal","https://sn.coinafrique.com/annonce/autres-animaux/dindes-2421638"
"1765139763-8","https://sn.coinafrique.com/categorie/autres-animaux?page=6","Souris blanc","Prix sur demande","Hann Bel-Air, Dakar, Sénégal","https://sn.coinafrique.com/annonce/autres-animaux/souris-blanc-2407511"
"1765139763-9","https://sn.coinafrique.com/categorie/autres-animaux?page=6","Couples Paons","250 000CFA","Keur Massar, Sénégal","https://sn.coinafrique.com/annonce/autres-animaux/couples-paons-2394305"
"1765139763-10","https://sn.coinafrique.com/categorie/autres-animaux?page=6","Chat blanc turc","150 000CFA","Mermoz-Sacré Coeur, Dakar, Sénégal","https://sn.coinafrique.com/annonce/autres-animaux/chat-blanc-turc-2388043"
"1765139763-11","https://sn.coinafrique.com/categorie/autres-animaux?page=6","Dinde","20 000CFA","Dakar, Sénégal","https://sn.coinafrique.com/annonce/autres-animaux/dinde-2351112"
"1765139763-12","https://sn.coinafrique.com/categorie/autres-animaux?page=6","Kittens / chatons","90 000CFA","Yoff, Dakar, Sénégal","https://sn.coinafrique.com/annonce/autres-animaux/kittens-chatons-2319268"
"1765139763-13","https://sn.coinafrique.com/categorie/autres-animaux?page=6","Perruches","Prix sur demande","Point E, Dakar, Sénégal","https://sn.coinafrique.com/annonce/autres-animaux/perruches-2296024"
"1765139763-14","https://sn.coinafrique.com/categorie/autres-animaux?page=6","Oies","130 000CFA","Medina, Dakar, Sénégal","https://sn.coinafrique.com/annonce/autres-animaux/oies-2281845"
"1765139763-15","https://sn.coinafrique.com/categorie/autres-animaux?page=6","Vache","Prix sur demande","Dakar, Sénégal","https://sn.coinafrique.com/annonce/autres-animaux/vache-2276153"
"1765139763-16","https://sn.coinafrique.com/categorie/autres-animaux?page=6","Oies","1 000CFA","Dakar, Sénégal","https://sn.coinafrique.com/annonce/autres-animaux/oies-2275120"
"1765139763-17","https://sn.coinafrique.com/categorie/autres-animaux?page=6","Taureau Nélore","Prix sur demande","Guediawaye, Dakar, Sénégal","https://sn.coinafrique.com/annonce/autres-animaux/taureau-nelore-2251055"
"1765139763-18","https://sn.coinafrique.com/categorie/autres-animaux?page=6","Chaton york chocolat","150 000CFA","Dakar, Sénégal","https://sn.coinafrique.com/annonce/autres-animaux/chaton-york-chocolat-2240976"
"1765139763-19","https://sn.coinafrique.com/categorie/autres-animaux?page=6","Boeufs","600 000CFA","Bambey, Sénégal","https://sn.coinafrique.com/annonce/autres-animaux/boeufs-2239779"
"1765139763-20","https://sn.coinafrique.com/categorie/autres-animaux?page=6","Poussins brahman et cochin","Prix sur demande","Keur Massar, Sénégal","https://sn.coinafrique.com/annonce/autres-animaux/poussins-brahman-et-cochin-2230369"
"1765139763-21","https://sn.coinafrique.com/categorie/autres-animaux?page=6","Boeufs","Prix sur demande","Dakar, Sénégal","https://sn.coinafrique.com/annonce/autres-animaux/boeufs-2161624"
"1765139763-22","https://sn.coinafrique.com/categorie/autres-animaux?page=6","Bœuf élevage","750 000CFA","Guediawaye, Dakar, Sénégal","https://sn.coinafrique.com/annonce/autres-animaux/buf-elevage-2147334"
"1765139763-23","https://sn.coinafrique.com/categorie/autres-animaux?page=6","Boeuf","Prix sur demande","Fann, Dakar, Sénégal","https://sn.coinafrique.com/annonce/autres-animaux/boeuf-2101700"
"1765139763-24","https://sn.coinafrique.com/categorie/autres-animaux?page=6","Boeuf","Prix sur demande","Sicap Liberté, Dakar, Sénégal","https://sn.coinafrique.com/annonce/autres-animaux/boeuf-2088141"
"1765139763-25","https://sn.coinafrique.com/categorie/autres-animaux?page=6","Chèvre Race Boer","650 000CFA","Patte d'oie, Dakar, Sénégal","https://sn.coinafrique.com/annonce/autres-animaux/chevre-race-boer-2061898"
"1765139763-26","https://sn.coinafrique.com/categorie/autres-animaux?page=6","Chaton persan blanc","Prix sur demande","Fann, Dakar, Sénégal","https://sn.coinafrique.com/annonce/autres-animaux/chaton-persan-blanc-2052355"
"1765139763-27","https://sn.coinafrique.com/categorie/autres-animaux?page=6","Chaton persan chinchilla","Prix sur demande","Fann, Dakar, Sénégal","https://sn.coinafrique.com/annonce/autres-animaux/chaton-persan-chinchilla-2025374"
"1765139763-28","https://sn.coinafrique.com/categorie/autres-animaux?page=6","Boeuf","475CFA","Dakar Plateau, Dakar, Sénégal","https://sn.coinafrique.com/annonce/autres-animaux/boeuf-1998573"
"1765139763-29","https://sn.coinafrique.com/categorie/autres-animaux?page=6","Chaton","Prix sur demande","Fann, Dakar, Sénégal","https://sn.coinafrique.com/annonce/autres-animaux/chaton-1962491"
"1765139763-30","https://sn.coinafrique.com/categorie/autres-animaux?page=6","Bœufs","Prix sur demande","Diourbel, Sénégal","https://sn.coinafrique.com/annonce/autres-animaux/bufs-1954085"
"1765139763-31","https://sn.coinafrique.com/categorie/autres-animaux?page=6","Vaches","Prix sur demande","Diourbel, Sénégal","https://sn.coinafrique.com/annonce/autres-animaux/vaches-1935629"
"1765139763-32","https://sn.coinafrique.com/categorie/autres-animaux?page=6","Chaton Persan","Prix sur demande","Fann, Dakar, Sénégal","https://sn.coinafrique.com/annonce/autres-animaux/chaton-persan-1935403"
"1765139763-33","https://sn.coinafrique.com/categorie/autres-animaux?page=6","Perruches","Prix sur demande","Fann, Dakar, Sénégal","https://sn.coinafrique.com/annonce/autres-animaux/perruches-1934309"
"1765139763-34","https://sn.coinafrique.com/categorie/autres-animaux?page=6","Chat Siamois","Prix sur demande","Fann, Dakar, Sénégal","https://sn.coinafrique.com/annonce/autres-animaux/chat-siamois-1899735"
"1765139763-35","https://sn.coinafrique.com/categorie/autres-animaux?page=6","Dindon rouge","30 000CFA","Mermoz-Sacré-Cœur, Dakar, Sénégal","https://sn.coinafrique.com/annonce/autres-animaux/dindon-rouge-1890125"
"1765139763-36","https://sn.coinafrique.com/categorie/autres-animaux?page=6","Chat siamois","350 000CFA","Dakar, Sénégal","https://sn.coinafrique.com/annonce/autres-animaux/chat-siamois-1825906"
"1765139763-37","https://sn.coinafrique.com/categorie/autres-animaux?page=6","Bœuf","600 000CFA","Keur Massar, Sénégal","https://sn.coinafrique.com/annonce/autres-animaux/buf-1606230"
"1765139763-38","https://sn.coinafrique.com/categorie/autres-animaux?page=6","Boeufs","750 000CFA","Tambacounda, Sénégal","https://sn.coinafrique.com/annonce/autres-animaux/boeufs-1544433"
"1765139763-39","https://sn.coinafrique.com/categorie/autres-animaux?page=6","Couple de chèvre","Prix sur demande","Dakar, Sénégal","https://sn.coinafrique.com/annonce/autres-animaux/couple-de-chevre-1521675"
"1765139763-40","https://sn.coinafrique.com/categorie/autres-animaux?page=6","Vaches","275 000CFA","Rufisque, Sénégal","https://sn.coinafrique.com/annonce/autres-animaux/vaches-1500655"
"1765139763-41","https://sn.coinafrique.com/categorie/autres-animaux?page=6","Bœuf","700 000CFA","Saint Louis, Sénégal","https://sn.coinafrique.com/annonce/autres-animaux/buf-1495773"
"1765139763-42","https://sn.coinafrique.com/categorie/autres-animaux?page=6","Dindes - canards et colverts","Prix sur demande","Dakar, Sénégal","https://sn.coinafrique.com/annonce/autres-animaux/dindes-canards-et-colverts-1490889"
"1765139763-43","https://sn.coinafrique.com/categorie/autres-animaux?page=6","Biscuit en poudre pour betail","4 000CFA","Patte d'oie, Dakar, Sénégal","https://sn.coinafrique.com/annonce/autres-animaux/biscuit-en-poudre-pour-betail-1459836"
"1765139763-44","https://sn.coinafrique.com/categorie/autres-animaux?page=6","Perruches","Prix sur demande","Point E, Dakar, Sénégal","https://sn.coinafrique.com/annonce/autres-animaux/perruches-1453837"
"1765139763-45","https://sn.coinafrique.com/categorie/autres-animaux?page=6","Perruches","Prix sur demande","Point E, Dakar, Sénégal","https://sn.coinafrique.com/annonce/autres-animaux/perruches-1453830"
"1765139763-46","https://sn.coinafrique.com/categorie/autres-animaux?page=6","Perruches","Prix sur demande","Mermoz-Sacré-Cœur, Dakar, Sénégal","https://sn.coinafrique.com/annonce/autres-animaux/perruches-1441558"
"1765139763-47","https://sn.coinafrique.com/categorie/autres-animaux?page=6","Oies toulouse","Prix sur demande","Fass, Dakar, Sénégal","https://sn.coinafrique.com/annonce/autres-animaux/oies-toulouse-1428089"
"1765139763-48","https://sn.coinafrique.com/categorie/autres-animaux?page=6","Cheval","400 000CFA","Fatick, Sénégal","https://sn.coinafrique.com/annonce/autres-animaux/cheval-1421206"
"1765139763-49","https://sn.coinafrique.com/categorie/autres-animaux?page=6","Cheval","400 000CFA","Fatick, Sénégal","https://sn.coinafrique.com/annonce/autres-animaux/cheval-1421196"
"1765139763-50","https://sn.coinafrique.com/categorie/autres-animaux?page=6","Oies de guinée","Prix sur demande","Thies, Sénégal","https://sn.coinafrique.com/annonce/autres-animaux/oies-de-guinee-1417652"
"1765139763-51","https://sn.coinafrique.com/categorie/autres-animaux?page=6","Perruches","Prix sur demande","Dakar, Sénégal","https://sn.coinafrique.com/annonce/autres-animaux/perruches-1395711"
"1765139763-52","https://sn.coinafrique.com/categorie/autres-animaux?page=6","Perruches","Prix sur demande","Mermoz-Sacré-Cœur, Dakar, Sénégal","https://sn.coinafrique.com/annonce/autres-animaux/perruches-1395598"
"1765139763-53","https://sn.coinafrique.com/categorie/autres-animaux?page=6","Oiseaux exotiques","20 000CFA","Dakar, Sénégal","https://sn.coinafrique.com/annonce/autres-animaux/oiseaux-exotiques-1393968"
"1765139763-54","https://sn.coinafrique.com/categorie/autres-animaux?page=6","Perruches","Prix sur demande","Dakar, Sénégal","https://sn.coinafrique.com/annonce/autres-animaux/perruches-1389654"
"1765139763-55","https://sn.coinafrique.com/categorie/autres-animaux?page=6","Cailles","12 000CFA","Mermoz-Sacré-Cœur, Dakar, Sénégal","https://sn.coinafrique.com/annonce/autres-animaux/cailles-1376905"
"1765139763-56","https://sn.coinafrique.com/categorie/autres-animaux?page=6","Oies","Prix sur demande","Fass, Dakar, Sénégal","https://sn.coinafrique.com/annonce/autres-animaux/oies-1322739"
"1765139763-57","https://sn.coinafrique.com/categorie/autres-animaux?page=6","Oies","60 000CFA","Fass, Dakar, Sénégal","https://sn.coinafrique.com/annonce/autres-animaux/oies-1311792"
"1765139763-58","https://sn.coinafrique.com/categorie/autres-animaux?page=6","Paon bleu","Prix sur demande","Parcelle Assainies, Dakar, Sénégal","https://sn.coinafrique.com/annonce/autres-animaux/paon-bleu-1310387"
"1765139763-59","https://sn.coinafrique.com/categorie/autres-animaux?page=6","Bœufs","350 000CFA","Sénégal","https://sn.coinafrique.com/annonce/autres-animaux/bufs-1198114"
"1765139763-60","https://sn.coinafrique.com/categorie/autres-animaux?page=6","Boeuf","Prix sur demande","Dakar, Sénégal","https://sn.coinafrique.com/annonce/autres-animaux/boeuf-1129419"
"1765139763-61","https://sn.coinafrique.com/categorie/autres-animaux?page=6","Mouton ladoum pure sang","Prix sur demande","Sénégal","https://sn.coinafrique.com/annonce/autres-animaux/mouton-ladoum-pure-sang-1011139"
"1765139763-62","https://sn.coinafrique.com/categorie/autres-animaux?page=6","Oies  bourbonaises","50 000CFA","Thies, Sénégal","https://sn.coinafrique.com/annonce/autres-animaux/oies-bourbonaises-990474"
"1765139763-63","https://sn.coinafrique.com/categorie/autres-animaux?page=6","Caille","1 000CFA","Grand Yoff, Dakar, Sénégal","https://sn.coinafrique.com/annonce/autres-animaux/caille-931708"
"1765139763-64","https://sn.coinafrique.com/categorie/autres-animaux?page=6","Verrat de race Large white","200 000CFA","Sénégal","https://sn.coinafrique.com/annonce/autres-animaux/verrat-de-race-large-white-929881"
"1765139763-65","https://sn.coinafrique.com/categorie/autres-animaux?page=6","Chèvre Balami","200 000CFA","Saint Louis, Sénégal","https://sn.coinafrique.com/annonce/autres-animaux/chevre-balami-917895"
"1765139763-66","https://sn.coinafrique.com/categorie/autres-animaux?page=6","Bœuf","400 000CFA","Guediawaye, Dakar, Sénégal","https://sn.coinafrique.com/annonce/autres-animaux/buf-885779"
"1765139763-67","https://sn.coinafrique.com/categorie/autres-animaux?page=6","Poisson d'aquarium","35 000CFA","Sénégal","https://sn.coinafrique.com/annonce/autres-animaux/poisson-daquarium-863425"
"1765139763-68","https://sn.coinafrique.com/categorie/autres-animaux?page=6","Perruches","Prix sur demande","Sénégal","https://sn.coinafrique.com/annonce/autres-animaux/perruches-845280"
"1765139763-69","https://sn.coinafrique.com/categorie/autres-animaux?page=6","Carpe Koï Japonaise ( Aquarium)","50 000CFA","Dakar-Plateau, Dakar, Sénégal","https://sn.coinafrique.com/annonce/autres-animaux/carpe-koi-japonaise-aquarium-827220"
"1765139763-70","https://sn.coinafrique.com/categorie/autres-animaux?page=6","Perruches","Prix sur demande","Point E, Dakar, Sénégal","https://sn.coinafrique.com/annonce/autres-animaux/perruches-751123"
"1765147129-71","https://sn.coinafrique.com/categorie/autres-animaux?page=5","Couple hermine","20 000CFA","Dakar, Sénégal","https://sn.coinafrique.com/annonce/autres-animaux/couple-hermine-3369362"
"1765147129-72","https://sn.coinafrique.com/categorie/autres-animaux?page=5","Caille","2 000CFA","Mermoz-Sacré Coeur, Dakar, Sénégal","https://sn.coinafrique.com/annonce/autres-animaux/caille-3360468"
"1765147129-73","https://sn.coinafrique.com/categorie/autres-animaux?page=5","Autruchon","300 000CFA","Guediawaye, Dakar, Sénégal","https://sn.coinafrique.com/annonce/autres-animaux/autruchon-3357168"
"1765147129-74","https://sn.coinafrique.com/categorie/autres-animaux?page=5","Veaux","250 000CFA","Dieuppeul-Derklé, Dakar, Sénégal","https://sn.coinafrique.com/annonce/autres-animaux/veaux-3350491"
"1765147129-75","https://sn.coinafrique.com/categorie/autres-animaux?page=5","Taureaux Holstein","2 500 000CFA","Dakar, Sénégal","https://sn.coinafrique.com/annonce/autres-animaux/taureaux-holstein-3348822"
"1765147129-76","https://sn.coinafrique.com/categorie/autres-animaux?page=5","Géniteur Holstein","2 200 000CFA","Dakar, Sénégal","https://sn.coinafrique.com/annonce/autres-animaux/geniteur-holstein-3348819"
"1765147129-77","https://sn.coinafrique.com/categorie/autres-animaux?page=5","Carpe Koï","100 000CFA","Dakar Plateau, Dakar, Sénégal","https://sn.coinafrique.com/annonce/autres-animaux/carpe-koi-3345713"
"1765147129-78","https://sn.coinafrique.com/categorie/autres-animaux?page=5","Chaton","40 000CFA","Almadies, Dakar, Sénégal","https://sn.coinafrique.com/annonce/autres-animaux/chaton-3341213"
"1765147129-79","https://sn.coinafrique.com/categorie/autres-animaux?page=5","Perruches","Prix sur demande","Guediawaye, Dakar, Sénégal","https://sn.coinafrique.com/annonce/autres-animaux/perruches-3336754"
"1765147129-80","https://sn.coinafrique.com/categorie/autres-animaux?page=5","Veaux","250 000CFA","Dieuppeul-Derklé, Dakar, Sénégal","https://sn.coinafrique.com/annonce/autres-animaux/veaux-3335012"
"1765147129-81","https://sn.coinafrique.com/categorie/autres-animaux?page=5","Bœuf","1 200 000CFA","Guediawaye, Dakar, Sénégal","https://sn.coinafrique.com/annonce/autres-animaux/buf-3330908"
"1765147129-82","https://sn.coinafrique.com/categorie/autres-animaux?page=5","Perruche","24 000CFA","Hann Bel-Air, Dakar, Sénégal","https://sn.coinafrique.com/annonce/autres-animaux/perruche-3321530"
"1765147129-83","https://sn.coinafrique.com/categorie/autres-animaux?page=5","Cailleteaux","400CFA","Parcelle Assainies, Dakar, Sénégal","https://sn.coinafrique.com/annonce/autres-animaux/cailleteaux-3319946"
"1765147129-84","https://sn.coinafrique.com/categorie/autres-animaux?page=5","Caille","2 500CFA","Parcelle Assainies, Dakar, Sénégal","https://sn.coinafrique.com/annonce/autres-animaux/caille-3319937"
"1765147129-85","https://sn.coinafrique.com/categorie/autres-animaux?page=5","Veaux","Prix sur demande","Dieuppeul-Derklé, Dakar, Sénégal","https://sn.coinafrique.com/annonce/autres-animaux/veaux-3318063"
"1765147129-86","https://sn.coinafrique.com/categorie/autres-animaux?page=5","Oie guinéen","100 000CFA","Dakar, Sénégal","https://sn.coinafrique.com/annonce/autres-animaux/oie-guineen-3316816"
"1765147129-87","https://sn.coinafrique.com/categorie/autres-animaux?page=5","Oie gardien","90 000CFA","Dakar, Sénégal","https://sn.coinafrique.com/annonce/autres-animaux/oie-gardien-3316810"
"1765147129-88","https://sn.coinafrique.com/categorie/autres-animaux?page=5","Chèvre mâle","Prix sur demande","Mermoz-Sacré Coeur, Dakar, Sénégal","https://sn.coinafrique.com/annonce/autres-animaux/chevre-male-3315646"
"1765147129-89","https://sn.coinafrique.com/categorie/autres-animaux?page=5","Vache","600 000CFA","Niaga, Sénégal","https://sn.coinafrique.com/annonce/autres-animaux/vache-3287171"
"1765147129-90","https://sn.coinafrique.com/categorie/autres-animaux?page=5","Vache","600 000CFA","Niaga, Sénégal","https://sn.coinafrique.com/annonce/autres-animaux/vache-3287170"
"1765147129-91","https://sn.coinafrique.com/categorie/autres-animaux?page=5","Oies adultes","130 000CFA","Guediawaye, Dakar, Sénégal","https://sn.coinafrique.com/annonce/autres-animaux/oies-adultes-3273490"
"1765147129-92","https://sn.coinafrique.com/categorie/autres-animaux?page=5","Taureau","450 000CFA","Parcelle Assainies, Dakar, Sénégal","https://sn.coinafrique.com/annonce/autres-animaux/taureau-3271377"
"1765147129-93","https://sn.coinafrique.com/categorie/autres-animaux?page=5","Taureau","740 000CFA","Dieuppeul-Derklé, Dakar, Sénégal","https://sn.coinafrique.com/annonce/autres-animaux/taureau-3269989"
"1765147129-94","https://sn.coinafrique.com/categorie/autres-animaux?page=5","Taureau","740 000CFA","Dieuppeul-Derklé, Dakar, Sénégal","https://sn.coinafrique.com/annonce/autres-animaux/taureau-3263210"
"1765147129-95","https://sn.coinafrique.com/categorie/autres-animaux?page=5","Poisson aquarium","12 000CFA","Dakar Plateau, Dakar, Sénégal","https://sn.coinafrique.com/annonce/autres-animaux/poisson-aquarium-3256827"
"1765147129-96","https://sn.coinafrique.com/categorie/autres-animaux?page=5","Chaton","Prix sur demande","Mermoz-Sacré Coeur, Dakar, Sénégal","https://sn.coinafrique.com/annonce/autres-animaux/chaton-3254310"
"1765147129-97","https://sn.coinafrique.com/categorie/autres-animaux?page=5","Bœufs","740 000CFA","Dieuppeul-Derklé, Dakar, Sénégal","https://sn.coinafrique.com/annonce/autres-animaux/bufs-3253864"
"1765147129-98","https://sn.coinafrique.com/categorie/autres-animaux?page=5","Perruche ondulée","15 000CFA","Point E, Dakar, Sénégal","https://sn.coinafrique.com/annonce/autres-animaux/perruche-ondulee-3243586"
"1765147129-99","https://sn.coinafrique.com/categorie/autres-animaux?page=5","Bœufs","Prix sur demande","Dieuppeul-Derklé, Dakar, Sénégal","https://sn.coinafrique.com/annonce/autres-animaux/bufs-3240329"
"1765147129-100","https://sn.coinafrique.com/categorie/autres-animaux?page=5","Chatons 2 et 3 mois","Prix sur demande","Grand Dakar, Dakar, Sénégal","https://sn.coinafrique.com/annonce/autres-animaux/chatons-2-et-3-mois-3222114"
"1765147129-101","https://sn.coinafrique.com/categorie/autres-animaux?page=5","Perruches ondulées","20 000CFA","Point E, Dakar, Sénégal","https://sn.coinafrique.com/annonce/autres-animaux/perruches-ondulees-3215371"
"1765147129-102","https://sn.coinafrique.com/categorie/autres-animaux?page=5","Oies","60 000CFA","Dakar, Sénégal","https://sn.coinafrique.com/annonce/autres-animaux/oies-3172011"
"1765147129-103","https://sn.coinafrique.com/categorie/autres-animaux?page=5","Oies","60 000CFA","Dakar, Sénégal","https://sn.coinafrique.com/annonce/autres-animaux/oies-3172006"
"1765147129-104","https://sn.coinafrique.com/categorie/autres-animaux?page=5","Cheval","450 000CFA","Pikine, Sénégal","https://sn.coinafrique.com/annonce/autres-animaux/cheval-3169679"
"1765147129-105","https://sn.coinafrique.com/categorie/autres-animaux?page=5","Cailles","Prix sur demande","Touba, Sénégal","https://sn.coinafrique.com/annonce/autres-animaux/cailles-3169648"
"1765147129-106","https://sn.coinafrique.com/categorie/autres-animaux?page=5","Couple dinde","Prix sur demande","Touba, Sénégal","https://sn.coinafrique.com/annonce/autres-animaux/couple-dinde-3169645"
"1765147129-107","https://sn.coinafrique.com/categorie/autres-animaux?page=5","Dinde","Prix sur demande","Touba, Sénégal","https://sn.coinafrique.com/annonce/autres-animaux/dinde-3165522"
"1765147129-108","https://sn.coinafrique.com/categorie/autres-animaux?page=5","Paonneau","Prix sur demande","Mbao, Dakar, Sénégal","https://sn.coinafrique.com/annonce/autres-animaux/paonneau-3164991"
"1765147129-109","https://sn.coinafrique.com/categorie/autres-animaux?page=5","Rat","Prix sur demande","Almadies, Dakar, Sénégal","https://sn.coinafrique.com/annonce/autres-animaux/rat-3156125"
"1765147129-110","https://sn.coinafrique.com/categorie/autres-animaux?page=5","Poisson vivant","Prix sur demande","Yoff, Dakar, Sénégal","https://sn.coinafrique.com/annonce/autres-animaux/poisson-vivant-3140939"
"1765147129-111","https://sn.coinafrique.com/categorie/autres-animaux?page=5","Boeuf","800 000CFA","Bambey, Sénégal","https://sn.coinafrique.com/annonce/autres-animaux/boeuf-3140204"
"1765147129-112","https://sn.coinafrique.com/categorie/autres-animaux?page=5","Oie géant","85 000CFA","Mbour, Sénégal","https://sn.coinafrique.com/annonce/autres-animaux/oie-geant-3133835"
"1765147129-113","https://sn.coinafrique.com/categorie/autres-animaux?page=5","Couple colvert","30 000CFA","Dakar, Sénégal","https://sn.coinafrique.com/annonce/autres-animaux/couple-colvert-3127244"
"1765147129-114","https://sn.coinafrique.com/categorie/autres-animaux?page=5","Oiseaux exotiques","Prix sur demande","Dakar, Sénégal","https://sn.coinafrique.com/annonce/autres-animaux/oiseaux-exotiques-3119376"
"1765147129-115","https://sn.coinafrique.com/categorie/autres-animaux?page=5","Couple perruches ondulées","100 000CFA","Mermoz-Sacré Coeur, Dakar, Sénégal","https://sn.coinafrique.com/annonce/autres-animaux/couple-perruches-ondulees-3116528"
"1765147129-116","https://sn.coinafrique.com/categorie/autres-animaux?page=5","Vache","300 000CFA","HLM, Dakar, Sénégal","https://sn.coinafrique.com/annonce/autres-animaux/vache-3095614"
"1765147129-117","https://sn.coinafrique.com/categorie/autres-animaux?page=5","Trio dindes d’amérique","65 000CFA","Mbao, Dakar, Sénégal","https://sn.coinafrique.com/annonce/autres-animaux/trio-dindes-damerique-3092550"
"1765147129-118","https://sn.coinafrique.com/categorie/autres-animaux?page=5","Couple perruche arc en ciel","40 000CFA","Mermoz-Sacré Coeur, Dakar, Sénégal","https://sn.coinafrique.com/annonce/autres-animaux/couple-perruche-arc-en-ciel-3092218"
"1765147129-119","https://sn.coinafrique.com/categorie/autres-animaux?page=5","Taureau - géniteur laitier","2 000 000CFA","Sicap Liberté, Dakar, Sénégal","https://sn.coinafrique.com/annonce/autres-animaux/taureau-geniteur-laitier-3087054"
"1765147129-120","https://sn.coinafrique.com/categorie/autres-animaux?page=5","Chaton","Prix sur demande","Almadies, Dakar, Sénégal","https://sn.coinafrique.com/annonce/autres-animaux/chaton-3054622"
"1765147129-121","https://sn.coinafrique.com/categorie/autres-animaux?page=5","Cheval","650 000CFA","Dakar, Sénégal","https://sn.coinafrique.com/annonce/autres-animaux/cheval-3053064"
"1765147129-122","https://sn.coinafrique.com/categorie/autres-animaux?page=5","Taureau géniteur laitier","2 000 000CFA","Sicap Liberté, Dakar, Sénégal","https://sn.coinafrique.com/annonce/autres-animaux/taureau-geniteur-laitier-3039728"
"1765147129-123","https://sn.coinafrique.com/categorie/autres-animaux?page=5","Oisillons","25 000CFA","Dakar, Sénégal","https://sn.coinafrique.com/annonce/autres-animaux/oisillons-3026572"
"1765147129-124","https://sn.coinafrique.com/categorie/autres-animaux?page=5","Oie adulte","80 000CFA","Dakar, Sénégal","https://sn.coinafrique.com/annonce/autres-animaux/oie-adulte-3025291"
"1765147129-125","https://sn.coinafrique.com/categorie/autres-animaux?page=5","Cheval","800 000CFA","Dakar, Sénégal","https://sn.coinafrique.com/annonce/autres-animaux/cheval-3012715"
"1765147129-126","https://sn.coinafrique.com/categorie/autres-animaux?page=5","Bœuf","425 000CFA","Guediawaye, Dakar, Sénégal","https://sn.coinafrique.com/annonce/autres-animaux/buf-3012014"
"1765147129-127","https://sn.coinafrique.com/categorie/autres-animaux?page=5","Laor noir","35 000CFA","Mbour, Sénégal","https://sn.coinafrique.com/annonce/autres-animaux/laor-noir-3005811"
"1765147129-128","https://sn.coinafrique.com/categorie/autres-animaux?page=5","Porc","2 500CFA","Dakar, Sénégal","https://sn.coinafrique.com/annonce/autres-animaux/porc-3004606"
"1765147129-129","https://sn.coinafrique.com/categorie/autres-animaux?page=5","Bœuf","Prix sur demande","Dakar, Sénégal","https://sn.coinafrique.com/annonce/autres-animaux/buf-2968890"
"1765147129-130","https://sn.coinafrique.com/categorie/autres-animaux?page=5","Chaton Angora turque","160 000CFA","Grand Dakar, Dakar, Sénégal","https://sn.coinafrique.com/annonce/autres-animaux/chaton-angora-turque-2966724"
"1765147129-131","https://sn.coinafrique.com/categorie/autres-animaux?page=5","Couple oie de toulouse adulte","85 000CFA","Mbour, Sénégal","https://sn.coinafrique.com/annonce/autres-animaux/couple-oie-de-toulouse-adulte-2936871"
"1765147129-132","https://sn.coinafrique.com/categorie/autres-animaux?page=5","Perroquet Sénégal avec cage","35 000CFA","Ngor, Dakar, Sénégal","https://sn.coinafrique.com/annonce/autres-animaux/perroquet-senegal-avec-cage-2930350"
"1765147129-133","https://sn.coinafrique.com/categorie/autres-animaux?page=5","Jument arabe","1 500 000CFA","Kébémer, Sénégal","https://sn.coinafrique.com/annonce/autres-animaux/jument-arabe-2924412"
"1765147129-134","https://sn.coinafrique.com/categorie/autres-animaux?page=5","Perruches - inséparables","12 500CFA","Parcelle Assainies, Dakar, Sénégal","https://sn.coinafrique.com/annonce/autres-animaux/perruches-inseparables-2896567"
"1765147129-135","https://sn.coinafrique.com/categorie/autres-animaux?page=5","Dinde rouge","70 000CFA","Louga, Sénégal","https://sn.coinafrique.com/annonce/autres-animaux/dinde-rouge-2888081"
"1765147129-136","https://sn.coinafrique.com/categorie/autres-animaux?page=5","Chaton noir blanc","Prix sur demande","Mamelles, Dakar, Sénégal","https://sn.coinafrique.com/annonce/autres-animaux/chaton-noir-blanc-2886750"
"1765147129-137","https://sn.coinafrique.com/categorie/autres-animaux?page=5","Bouc race laitière","Prix sur demande","Saly, Sénégal","https://sn.coinafrique.com/annonce/autres-animaux/bouc-race-laitiere-2881915"
"1765147129-138","https://sn.coinafrique.com/categorie/autres-animaux?page=5","Canard Colvert","50 000CFA","Thies, Sénégal","https://sn.coinafrique.com/annonce/autres-animaux/canard-colvert-2876451"
"1765147129-139","https://sn.coinafrique.com/categorie/autres-animaux?page=5","Chatons","Prix sur demande","Grand Dakar, Dakar, Sénégal","https://sn.coinafrique.com/annonce/autres-animaux/chatons-2860327"
"1765147129-140","https://sn.coinafrique.com/categorie/autres-animaux?page=5","Veau","250 000CFA","HLM, Dakar, Sénégal","https://sn.coinafrique.com/annonce/autres-animaux/veau-2856538"
"1765147129-141","https://sn.coinafrique.com/categorie/autres-animaux?page=5","Vache","550 000CFA","Bambey, Sénégal","https://sn.coinafrique.com/annonce/autres-animaux/vache-2846588"
"1765147129-142","https://sn.coinafrique.com/categorie/autres-animaux?page=5","Chaton Angora Turc","100 000CFA","Dakar, Sénégal","https://sn.coinafrique.com/annonce/autres-animaux/chaton-angora-turc-2826620"
"1765147129-143","https://sn.coinafrique.com/categorie/autres-animaux?page=5","Dinde d'amérique","Prix sur demande","Guediawaye, Dakar, Sénégal","https://sn.coinafrique.com/annonce/autres-animaux/dinde-damerique-2735977"
"1765147129-144","https://sn.coinafrique.com/categorie/autres-animaux?page=5","Vache","300 000CFA","Louga, Sénégal","https://sn.coinafrique.com/annonce/autres-animaux/vache-2709747"
"1765147129-145","https://sn.coinafrique.com/categorie/autres-animaux?page=5","Canard","35 000CFA","Mamelles, Dakar, Sénégal","https://sn.coinafrique.com/annonce/autres-animaux/canard-2703622"
"1765147129-146","https://sn.coinafrique.com/categorie/autres-animaux?page=5","Olpliitone 20 jours","15 000CFA","Dakar, Sénégal","https://sn.coinafrique.com/annonce/autres-animaux/olpliitone-20-jours-2701057"
"1765147129-147","https://sn.coinafrique.com/categorie/autres-animaux?page=5","Âne Arabe","850 000CFA","Kébémer, Sénégal","https://sn.coinafrique.com/annonce/autres-animaux/ane-arabe-2697117"
"1765147129-148","https://sn.coinafrique.com/categorie/autres-animaux?page=5","Bœufs","250 000CFA","Louga, Sénégal","https://sn.coinafrique.com/annonce/autres-animaux/bufs-2694722"
"1765147129-149","https://sn.coinafrique.com/categorie/autres-animaux?page=5","Bœufs","350 000CFA","Louga, Sénégal","https://sn.coinafrique.com/annonce/autres-animaux/bufs-2694720"
"1765147129-150","https://sn.coinafrique.com/categorie/autres-animaux?page=5","Bœufs","350 000CFA","Louga, Sénégal","https://sn.coinafrique.com/annonce/autres-animaux/bufs-2694719"
"1765147129-151","https://sn.coinafrique.com/categorie/autres-animaux?page=5","Vaches laitières","2 000 000CFA","Mbour, Sénégal","https://sn.coinafrique.com/annonce/autres-animaux/vaches-laitieres-2687649"
"1765147129-152","https://sn.coinafrique.com/categorie/autres-animaux?page=5","Chèvre Bouc de race","200 000CFA","Louga, Sénégal","https://sn.coinafrique.com/annonce/autres-animaux/chevre-bouc-de-race-2675855"
"1765147129-153","https://sn.coinafrique.com/categorie/autres-animaux?page=5","Bouc chèvre","100 000CFA","Diamniadio, Sénégal","https://sn.coinafrique.com/annonce/autres-animaux/bouc-chevre-2673741"
"1765147129-154","https://sn.coinafrique.com/categorie/autres-animaux?page=5","Paon bleu","225 000CFA","Dakar, Sénégal","https://sn.coinafrique.com/annonce/autres-animaux/paon-bleu-2663712"
"1765153208-155","https://sn.coinafrique.com/categorie/autres-animaux?page=4","Chat persan hymalayen","350 000CFA","Ngor, Dakar, Sénégal","https://sn.coinafrique.com/annonce/autres-animaux/chat-persan-hymalayen-4002094"
"1765153208-156","https://sn.coinafrique.com/categorie/autres-animaux?page=4","Bœufs","600 000CFA","Bambey, Sénégal","https://sn.coinafrique.com/annonce/autres-animaux/bufs-4001249"
"1765153208-157","https://sn.coinafrique.com/categorie/autres-animaux?page=4","Bœufs","600 000CFA","Bambey, Sénégal","https://sn.coinafrique.com/annonce/autres-animaux/bufs-3991901"
"1765153208-158","https://sn.coinafrique.com/categorie/autres-animaux?page=4","Chèvre","50 000CFA","Dakar, Sénégal","https://sn.coinafrique.com/annonce/autres-animaux/chevre-3985611"
"1765153208-159","https://sn.coinafrique.com/categorie/autres-animaux?page=4","Perruches ondulées","12 000CFA","Guediawaye, Dakar, Sénégal","https://sn.coinafrique.com/annonce/autres-animaux/perruches-ondulees-3968286"
"1765153208-160","https://sn.coinafrique.com/categorie/autres-animaux?page=4","Paon","450 000CFA","Touba, Sénégal","https://sn.coinafrique.com/annonce/autres-animaux/paon-3956247"
"1765153208-161","https://sn.coinafrique.com/categorie/autres-animaux?page=4","Dinde","35 000CFA","Touba, Sénégal","https://sn.coinafrique.com/annonce/autres-animaux/dinde-3956243"
"1765153208-162","https://sn.coinafrique.com/categorie/autres-animaux?page=4","Poissons aquarium","7 500CFA","Dakar Plateau, Dakar, Sénégal","https://sn.coinafrique.com/annonce/autres-animaux/poissons-aquarium-3922652"
"1765153208-163","https://sn.coinafrique.com/categorie/autres-animaux?page=4","Anes","500 000CFA","Mbour, Sénégal","https://sn.coinafrique.com/annonce/autres-animaux/anes-3916725"
"1765153208-164","https://sn.coinafrique.com/categorie/autres-animaux?page=4","Bœuf","700 000CFA","Mbour, Sénégal","https://sn.coinafrique.com/annonce/autres-animaux/buf-3916720"
"1765153208-165","https://sn.coinafrique.com/categorie/autres-animaux?page=4","Paons bleus","400 000CFA","Mbour, Sénégal","https://sn.coinafrique.com/annonce/autres-animaux/paons-bleus-3916692"
"1765153208-166","https://sn.coinafrique.com/categorie/autres-animaux?page=4","Chaton Scottish Fold","Prix sur demande","Fann-Point E-Amitié, Dakar, Sénégal","https://sn.coinafrique.com/annonce/autres-animaux/chaton-scottish-fold-3915043"
"1765153208-167","https://sn.coinafrique.com/categorie/autres-animaux?page=4","Cailles","2 500CFA","Ziguinchor, Sénégal","https://sn.coinafrique.com/annonce/autres-animaux/cailles-3905361"
"1765153208-168","https://sn.coinafrique.com/categorie/autres-animaux?page=4","Paon","50 000CFA","Yoff, Dakar, Sénégal","https://sn.coinafrique.com/annonce/autres-animaux/paon-3901686"
"1765153208-169","https://sn.coinafrique.com/categorie/autres-animaux?page=4","Œufs","9 000CFA","Keur Massar, Sénégal","https://sn.coinafrique.com/annonce/autres-animaux/ufs-3862604"
"1765153208-170","https://sn.coinafrique.com/categorie/autres-animaux?page=4","Cobaye mâle","16 000CFA","Thies, Sénégal","https://sn.coinafrique.com/annonce/autres-animaux/cobaye-male-3868453"
"1765153208-171","https://sn.coinafrique.com/categorie/autres-animaux?page=4","Vache","65 000CFA","Biscuiterie, Dakar, Sénégal","https://sn.coinafrique.com/annonce/autres-animaux/vache-3850590"
"1765153208-172","https://sn.coinafrique.com/categorie/autres-animaux?page=4","Bœuf","Prix sur demande","Niaga, Sénégal","https://sn.coinafrique.com/annonce/autres-animaux/buf-3819174"
"1765153208-173","https://sn.coinafrique.com/categorie/autres-animaux?page=4","Bœuf","750 000CFA","Niaga, Sénégal","https://sn.coinafrique.com/annonce/autres-animaux/buf-3817866"
"1765153208-174","https://sn.coinafrique.com/categorie/autres-animaux?page=4","Hamster dorée","15 000CFA","Sacré-Coeur, Dakar, Sénégal","https://sn.coinafrique.com/annonce/autres-animaux/hamster-doree-3814562"
"1765153208-175","https://sn.coinafrique.com/categorie/autres-animaux?page=4","Vache","1 000 000CFA","Bambey, Sénégal","https://sn.coinafrique.com/annonce/autres-animaux/vache-3804681"
"1765153208-176","https://sn.coinafrique.com/categorie/autres-animaux?page=4","Peruche ondulée","10 000CFA","Dakar Plateau, Dakar, Sénégal","https://sn.coinafrique.com/annonce/autres-animaux/peruche-ondulee-3803986"
"1765153208-177","https://sn.coinafrique.com/categorie/autres-animaux?page=4","Vache","Prix sur demande","Niaga, Sénégal","https://sn.coinafrique.com/annonce/autres-animaux/vache-3798116"
"1765153208-178","https://sn.coinafrique.com/categorie/autres-animaux?page=4","Cailles","Prix sur demande","Keur Massar, Sénégal","https://sn.coinafrique.com/annonce/autres-animaux/cailles-3797181"
"1765153208-179","https://sn.coinafrique.com/categorie/autres-animaux?page=4","Veau","300 000CFA","Biscuiterie, Dakar, Sénégal","https://sn.coinafrique.com/annonce/autres-animaux/veau-3784229"
"1765153208-180","https://sn.coinafrique.com/categorie/autres-animaux?page=4","Hamster","15 000CFA","Sacré-Coeur, Dakar, Sénégal","https://sn.coinafrique.com/annonce/autres-animaux/hamster-3780966"
"1765153208-181","https://sn.coinafrique.com/categorie/autres-animaux?page=4","Couple Hamster","45 000CFA","Dakar, Sénégal","https://sn.coinafrique.com/annonce/autres-animaux/couple-hamster-3779809"
"1765153208-182","https://sn.coinafrique.com/categorie/autres-animaux?page=4","Veaux","200 000CFA","Diamniadio, Sénégal","https://sn.coinafrique.com/annonce/autres-animaux/veaux-3775233"
"1765153208-183","https://sn.coinafrique.com/categorie/autres-animaux?page=4","Oiseaux exotiques","Prix sur demande","Dakar, Sénégal","https://sn.coinafrique.com/annonce/autres-animaux/oiseaux-exotiques-3773129"
"1765153208-184","https://sn.coinafrique.com/categorie/autres-animaux?page=4","Paire Oie","130 000CFA","Guediawaye, Dakar, Sénégal","https://sn.coinafrique.com/annonce/autres-animaux/paire-oie-3763969"
"1765153208-185","https://sn.coinafrique.com/categorie/autres-animaux?page=4","Canard","Prix sur demande","Diamniadio, Sénégal","https://sn.coinafrique.com/annonce/autres-animaux/canard-3761752"
"1765153208-186","https://sn.coinafrique.com/categorie/autres-animaux?page=4","Sacs de foin - Ngogne","5 000CFA","Saint Louis, Sénégal","https://sn.coinafrique.com/annonce/autres-animaux/sacs-de-foin-ngogne-3747916"
"1765153208-187","https://sn.coinafrique.com/categorie/autres-animaux?page=4","Couple cochons d'inde","25 000CFA","Sacré-Coeur, Dakar, Sénégal","https://sn.coinafrique.com/annonce/autres-animaux/couple-cochons-dinde-3738425"
"1765153208-188","https://sn.coinafrique.com/categorie/autres-animaux?page=4","Vache","Prix sur demande","Niaga, Sénégal","https://sn.coinafrique.com/annonce/autres-animaux/vache-3734952"
"1765153208-189","https://sn.coinafrique.com/categorie/autres-animaux?page=4","Oie","65 000CFA","Niaga, Sénégal","https://sn.coinafrique.com/annonce/autres-animaux/oie-3719072"
"1765153208-190","https://sn.coinafrique.com/categorie/autres-animaux?page=4","Perruches ondulées","12 000CFA","Guediawaye, Dakar, Sénégal","https://sn.coinafrique.com/annonce/autres-animaux/perruches-ondulees-3693176"
"1765153208-191","https://sn.coinafrique.com/categorie/autres-animaux?page=4","Boeuf","Prix sur demande","Niaga, Sénégal","https://sn.coinafrique.com/annonce/autres-animaux/boeuf-3691179"
"1765153208-192","https://sn.coinafrique.com/categorie/autres-animaux?page=4","Hamster","15 000CFA","Mbao, Dakar, Sénégal","https://sn.coinafrique.com/annonce/autres-animaux/hamster-3689324"
"1765153208-193","https://sn.coinafrique.com/categorie/autres-animaux?page=4","Paire colverts de Rouen","15 000CFA","Mboro, Sénégal","https://sn.coinafrique.com/annonce/autres-animaux/paire-colverts-de-rouen-3686752"
"1765153208-194","https://sn.coinafrique.com/categorie/autres-animaux?page=4","Chaton Angora","160 000CFA","Fann, Dakar, Sénégal","https://sn.coinafrique.com/annonce/autres-animaux/chaton-angora-3681874"
"1765153208-195","https://sn.coinafrique.com/categorie/autres-animaux?page=4","Caille","2 000CFA","Sicap foire, Dakar, Sénégal","https://sn.coinafrique.com/annonce/autres-animaux/caille-3679001"
"1765153208-196","https://sn.coinafrique.com/categorie/autres-animaux?page=4","Perroquet grand Haras","Prix sur demande","Yoff, Dakar, Sénégal","https://sn.coinafrique.com/annonce/autres-animaux/perroquet-grand-haras-3672216"
"1765153208-197","https://sn.coinafrique.com/categorie/autres-animaux?page=4","Chaton siamois","375 000CFA","Fann, Dakar, Sénégal","https://sn.coinafrique.com/annonce/autres-animaux/chaton-siamois-3671821"
"1765153208-198","https://sn.coinafrique.com/categorie/autres-animaux?page=4","Boeufs","900 000CFA","Niaga, Sénégal","https://sn.coinafrique.com/annonce/autres-animaux/boeufs-3651241"
"1765153208-199","https://sn.coinafrique.com/categorie/autres-animaux?page=4","Oie géant","450 000CFA","Mbour, Sénégal","https://sn.coinafrique.com/annonce/autres-animaux/oie-geant-3646953"
"1765153208-200","https://sn.coinafrique.com/categorie/autres-animaux?page=4","Boeuf","Prix sur demande","Niaga, Sénégal","https://sn.coinafrique.com/annonce/autres-animaux/boeuf-3645463"
"1765153208-201","https://sn.coinafrique.com/categorie/autres-animaux?page=4","Boeuf","Prix sur demande","Niaga, Sénégal","https://sn.coinafrique.com/annonce/autres-animaux/boeuf-3645462"
"1765153208-202","https://sn.coinafrique.com/categorie/autres-animaux?page=4","Chaton Angora","130 000CFA","Fann, Dakar, Sénégal","https://sn.coinafrique.com/annonce/autres-animaux/chaton-angora-3634435"
"1765153208-203","https://sn.coinafrique.com/categorie/autres-animaux?page=4","Hamster","15 000CFA","Mbao, Dakar, Sénégal","https://sn.coinafrique.com/annonce/autres-animaux/hamster-3615764"
"1765153208-204","https://sn.coinafrique.com/categorie/autres-animaux?page=4","Cochons","15 000CFA","Mbour, Sénégal","https://sn.coinafrique.com/annonce/autres-animaux/cochons-3614166"
"1765153208-205","https://sn.coinafrique.com/categorie/autres-animaux?page=4","Taurillon laitier","1 000 000CFA","Sicap Liberté, Dakar, Sénégal","https://sn.coinafrique.com/annonce/autres-animaux/taurillon-laitier-3613432"
"1765153208-206","https://sn.coinafrique.com/categorie/autres-animaux?page=4","Chatons","400 000CFA","Fann, Dakar, Sénégal","https://sn.coinafrique.com/annonce/autres-animaux/chatons-3613416"
"1765153208-207","https://sn.coinafrique.com/categorie/autres-animaux?page=4","Caille","8 000CFA","Kaolack, Sénégal","https://sn.coinafrique.com/annonce/autres-animaux/caille-3607957"
"1765153208-208","https://sn.coinafrique.com/categorie/autres-animaux?page=4","Poussin caille","500CFA","Parcelle Assainies, Dakar, Sénégal","https://sn.coinafrique.com/annonce/autres-animaux/poussin-caille-3576048"
"1765153208-209","https://sn.coinafrique.com/categorie/autres-animaux?page=4","Dinde mâle","20 000CFA","Dakar, Sénégal","https://sn.coinafrique.com/annonce/autres-animaux/dinde-male-3575899"
"1765153208-210","https://sn.coinafrique.com/categorie/autres-animaux?page=4","Poussins  d’oies","35 000CFA","Dakar, Sénégal","https://sn.coinafrique.com/annonce/autres-animaux/poussins-doies-3569402"
"1765153208-211","https://sn.coinafrique.com/categorie/autres-animaux?page=4","Cheval","500 000CFA","Saint Louis, Sénégal","https://sn.coinafrique.com/annonce/autres-animaux/cheval-3569117"
"1765153208-212","https://sn.coinafrique.com/categorie/autres-animaux?page=4","Bœufs","900 000CFA","Bambey, Sénégal","https://sn.coinafrique.com/annonce/autres-animaux/bufs-3544114"
"1765153208-213","https://sn.coinafrique.com/categorie/autres-animaux?page=4","Jeune cheval","Prix sur demande","Dakar, Sénégal","https://sn.coinafrique.com/annonce/autres-animaux/jeune-cheval-3526170"
"1765153208-214","https://sn.coinafrique.com/categorie/autres-animaux?page=4","Hamsters","15 000CFA","Mbao, Dakar, Sénégal","https://sn.coinafrique.com/annonce/autres-animaux/hamsters-3525591"
"1765153208-215","https://sn.coinafrique.com/categorie/autres-animaux?page=4","Bouc Espagnol","150 000CFA","Louga, Sénégal","https://sn.coinafrique.com/annonce/autres-animaux/bouc-espagnol-3523752"
"1765153208-216","https://sn.coinafrique.com/categorie/autres-animaux?page=4","Cochon dinde","45 000CFA","Thies, Sénégal","https://sn.coinafrique.com/annonce/autres-animaux/cochon-dinde-3520084"
"1765153208-217","https://sn.coinafrique.com/categorie/autres-animaux?page=4","Cochon dinde","45 000CFA","Thies, Sénégal","https://sn.coinafrique.com/annonce/autres-animaux/cochon-dinde-3520078"
"1765153208-218","https://sn.coinafrique.com/categorie/autres-animaux?page=4","Cochon dinde","45 000CFA","Thies, Sénégal","https://sn.coinafrique.com/annonce/autres-animaux/cochon-dinde-3520065"
"1765153208-219","https://sn.coinafrique.com/categorie/autres-animaux?page=4","Cheval","Prix sur demande","Dakar, Sénégal","https://sn.coinafrique.com/annonce/autres-animaux/cheval-3515231"
"1765153208-220","https://sn.coinafrique.com/categorie/autres-animaux?page=4","Chat persan chinchilla","Prix sur demande","Fann-Point E-Amitié, Dakar, Sénégal","https://sn.coinafrique.com/annonce/autres-animaux/chat-persan-chinchilla-3515163"
"1765153208-221","https://sn.coinafrique.com/categorie/autres-animaux?page=4","Bœufs","300 000CFA","Dieuppeul-Derklé, Dakar, Sénégal","https://sn.coinafrique.com/annonce/autres-animaux/bufs-3509381"
"1765153208-222","https://sn.coinafrique.com/categorie/autres-animaux?page=4","Hamster","15 000CFA","Mbao, Dakar, Sénégal","https://sn.coinafrique.com/annonce/autres-animaux/hamster-3502571"
"1765153208-223","https://sn.coinafrique.com/categorie/autres-animaux?page=4","Paon","350 000CFA","Mermoz-Sacré Coeur, Dakar, Sénégal","https://sn.coinafrique.com/annonce/autres-animaux/paon-3500261"
"1765153208-224","https://sn.coinafrique.com/categorie/autres-animaux?page=4","Oies de toulouse","20 000CFA","Dakar, Sénégal","https://sn.coinafrique.com/annonce/autres-animaux/oies-de-toulouse-3496368"
"1765153208-225","https://sn.coinafrique.com/categorie/autres-animaux?page=4","Bœuf","900 000CFA","Bambey, Sénégal","https://sn.coinafrique.com/annonce/autres-animaux/buf-3492877"
"1765153208-226","https://sn.coinafrique.com/categorie/autres-animaux?page=4","Dindes","Prix sur demande","Parcelle Assainies, Dakar, Sénégal","https://sn.coinafrique.com/annonce/autres-animaux/dindes-3474757"
"1765153208-227","https://sn.coinafrique.com/categorie/autres-animaux?page=4","Chaton siamois","Prix sur demande","Grand Dakar, Dakar, Sénégal","https://sn.coinafrique.com/annonce/autres-animaux/chaton-siamois-3450631"
"1765153208-228","https://sn.coinafrique.com/categorie/autres-animaux?page=4","Bœufs","Prix sur demande","Louga, Sénégal","https://sn.coinafrique.com/annonce/autres-animaux/bufs-3448056"
"1765153208-229","https://sn.coinafrique.com/categorie/autres-animaux?page=4","Couple dinde rouge","90 000CFA","Dakar, Sénégal","https://sn.coinafrique.com/annonce/autres-animaux/couple-dinde-rouge-3425196"
"1765153208-230","https://sn.coinafrique.com/categorie/autres-animaux?page=4","Canards","Prix sur demande","Dakar, Sénégal","https://sn.coinafrique.com/annonce/autres-animaux/canards-3422543"
"1765153208-231","https://sn.coinafrique.com/categorie/autres-animaux?page=4","Paire d'oie","100 000CFA","Thies, Sénégal","https://sn.coinafrique.com/annonce/autres-animaux/paire-doie-3418166"
"1765153208-232","https://sn.coinafrique.com/categorie/autres-animaux?page=4","Oies de toulouse","450 000CFA","Mbour, Sénégal","https://sn.coinafrique.com/annonce/autres-animaux/oies-de-toulouse-3413662"
"1765153208-233","https://sn.coinafrique.com/categorie/autres-animaux?page=4","Cailles","2 000CFA","Mermoz-Sacré Coeur, Dakar, Sénégal","https://sn.coinafrique.com/annonce/autres-animaux/cailles-3405018"
"1765153208-234","https://sn.coinafrique.com/categorie/autres-animaux?page=4","Perruches","Prix sur demande","Guediawaye, Dakar, Sénégal","https://sn.coinafrique.com/annonce/autres-animaux/perruches-3395087"
"1765153208-235","https://sn.coinafrique.com/categorie/autres-animaux?page=4","Trio de paon bleu","450 000CFA","Mbao, Dakar, Sénégal","https://sn.coinafrique.com/annonce/autres-animaux/trio-de-paon-bleu-3389732"
"1765153208-236","https://sn.coinafrique.com/categorie/autres-animaux?page=4","Paon bleu adulte","300 000CFA","Keur Massar, Sénégal","https://sn.coinafrique.com/annonce/autres-animaux/paon-bleu-adulte-3372722"
"1765153208-237","https://sn.coinafrique.com/categorie/autres-animaux?page=4","Cailles","1 500CFA","Mermoz-Sacré Coeur, Dakar, Sénégal","https://sn.coinafrique.com/annonce/autres-animaux/cailles-3371486"
"1765153208-238","https://sn.coinafrique.com/categorie/autres-animaux?page=4","Bœuf","500 000CFA","Dakar, Sénégal","https://sn.coinafrique.com/annonce/autres-animaux/buf-3369906"
"1765154393-239","https://sn.coinafrique.com/categorie/autres-animaux?page=3","Chaton Persan","400 000CFA","Dakar Plateau, Dakar, Sénégal","https://sn.coinafrique.com/annonce/autres-animaux/chaton-persan-4569529"
"1765154393-240","https://sn.coinafrique.com/categorie/autres-animaux?page=3","Boeuf","600 000CFA","Mbao, Dakar, Sénégal","https://sn.coinafrique.com/annonce/autres-animaux/boeuf-4568012"
"1765154393-241","https://sn.coinafrique.com/categorie/autres-animaux?page=3","Cochons d'inde","20 000CFA","Keur Massar, Sénégal","https://sn.coinafrique.com/annonce/autres-animaux/cochons-dinde-4555313"
"1765154393-242","https://sn.coinafrique.com/categorie/autres-animaux?page=3","Chaton Scotish Fold","750 000CFA","Fann, Dakar, Sénégal","https://sn.coinafrique.com/annonce/autres-animaux/chaton-scotish-fold-4540889"
"1765154393-243","https://sn.coinafrique.com/categorie/autres-animaux?page=3","Chaton Persan","400 000CFA","Dakar, Sénégal","https://sn.coinafrique.com/annonce/autres-animaux/chaton-persan-4540876"
"1765154393-244","https://sn.coinafrique.com/categorie/autres-animaux?page=3","Bœuf","Prix sur demande","Diamalaye 2, Dakar, Sénégal","https://sn.coinafrique.com/annonce/autres-animaux/buf-4534540"
"1765154393-245","https://sn.coinafrique.com/categorie/autres-animaux?page=3","Poissons aquarium","7 000CFA","Dakar Plateau, Dakar, Sénégal","https://sn.coinafrique.com/annonce/autres-animaux/poissons-aquarium-4534116"
"1765154393-246","https://sn.coinafrique.com/categorie/autres-animaux?page=3","Chatons Serval","1 500 000CFA","Saint Louis, Sénégal","https://sn.coinafrique.com/annonce/autres-animaux/chatons-serval-4517799"
"1765154393-247","https://sn.coinafrique.com/categorie/autres-animaux?page=3","Couple dinde","40 000CFA","Kolda, Sénégal","https://sn.coinafrique.com/annonce/autres-animaux/couple-dinde-4506000"
"1765154393-248","https://sn.coinafrique.com/categorie/autres-animaux?page=3","Cochons","20 000CFA","Keur Massar, Sénégal","https://sn.coinafrique.com/annonce/autres-animaux/cochons-4503064"
"1765154393-249","https://sn.coinafrique.com/categorie/autres-animaux?page=3","Cochons","20 000CFA","Keur Massar, Sénégal","https://sn.coinafrique.com/annonce/autres-animaux/cochons-4503058"
"1765154393-250","https://sn.coinafrique.com/categorie/autres-animaux?page=3","Pintade","75 000CFA","Guediawaye, Dakar, Sénégal","https://sn.coinafrique.com/annonce/autres-animaux/pintade-4465594"
"1765154393-251","https://sn.coinafrique.com/categorie/autres-animaux?page=3","Perruche Anglaise","40 000CFA","Dieuppeul-Derklé, Dakar, Sénégal","https://sn.coinafrique.com/annonce/autres-animaux/perruche-anglaise-4456172"
"1765154393-252","https://sn.coinafrique.com/categorie/autres-animaux?page=3","Perruches ondulées","15 000CFA","Dieuppeul-Derklé, Dakar, Sénégal","https://sn.coinafrique.com/annonce/autres-animaux/perruches-ondulees-4456156"
"1765154393-253","https://sn.coinafrique.com/categorie/autres-animaux?page=3","Cailles","1 500CFA","Dakar, Sénégal","https://sn.coinafrique.com/annonce/autres-animaux/cailles-4454743"
"1765154393-254","https://sn.coinafrique.com/categorie/autres-animaux?page=3","Perruche ondulée","7 000CFA","Thies, Sénégal","https://sn.coinafrique.com/annonce/autres-animaux/perruche-ondulee-4452994"
"1765154393-255","https://sn.coinafrique.com/categorie/autres-animaux?page=3","Paon","250 000CFA","Dakar, Sénégal","https://sn.coinafrique.com/annonce/autres-animaux/paon-4451044"
"1765154393-256","https://sn.coinafrique.com/categorie/autres-animaux?page=3","Paon","65 000CFA","Yoff, Dakar, Sénégal","https://sn.coinafrique.com/annonce/autres-animaux/paon-4435457"
"1765154393-257","https://sn.coinafrique.com/categorie/autres-animaux?page=3","Pintade","7 000CFA","Keur Massar, Sénégal","https://sn.coinafrique.com/annonce/autres-animaux/pintade-4412768"
"1765154393-258","https://sn.coinafrique.com/categorie/autres-animaux?page=3","Perroquet","50 000CFA","Point E, Dakar, Sénégal","https://sn.coinafrique.com/annonce/autres-animaux/perroquet-4411374"
"1765154393-259","https://sn.coinafrique.com/categorie/autres-animaux?page=3","Oies de Toulouse","Prix sur demande","Thies, Sénégal","https://sn.coinafrique.com/annonce/autres-animaux/oies-de-toulouse-4409000"
"1765154393-260","https://sn.coinafrique.com/categorie/autres-animaux?page=3","Dindes","30 000CFA","Guediawaye, Dakar, Sénégal","https://sn.coinafrique.com/annonce/autres-animaux/dindes-4408804"
"1765154393-261","https://sn.coinafrique.com/categorie/autres-animaux?page=3","Pintades","40 000CFA","Guediawaye, Dakar, Sénégal","https://sn.coinafrique.com/annonce/autres-animaux/pintades-4408799"
"1765154393-262","https://sn.coinafrique.com/categorie/autres-animaux?page=3","Veaux","450 000CFA","Pikine, Sénégal","https://sn.coinafrique.com/annonce/autres-animaux/veaux-4407653"
"1765154393-263","https://sn.coinafrique.com/categorie/autres-animaux?page=3","Chèvre","80 000CFA","Thies, Sénégal","https://sn.coinafrique.com/annonce/autres-animaux/chevre-4387674"
"1765154393-264","https://sn.coinafrique.com/categorie/autres-animaux?page=3","Chat Persan","650 000CFA","Point E, Dakar, Sénégal","https://sn.coinafrique.com/annonce/autres-animaux/chat-persan-4386249"
"1765154393-265","https://sn.coinafrique.com/categorie/autres-animaux?page=3","Dinde rouge pair","35 000CFA","Dakar, Sénégal","https://sn.coinafrique.com/annonce/autres-animaux/dinde-rouge-pair-4381112"
"1765154393-266","https://sn.coinafrique.com/categorie/autres-animaux?page=3","Bœuf","450 000CFA","Dakar, Sénégal","https://sn.coinafrique.com/annonce/autres-animaux/buf-4379382"
"1765154393-267","https://sn.coinafrique.com/categorie/autres-animaux?page=3","Chaton","Prix sur demande","Ouest Foire, Dakar, Sénégal","https://sn.coinafrique.com/annonce/autres-animaux/chaton-4365267"
"1765154393-268","https://sn.coinafrique.com/categorie/autres-animaux?page=3","Taureau","320 000CFA","Rufisque, Sénégal","https://sn.coinafrique.com/annonce/autres-animaux/taureau-4335558"
"1765154393-269","https://sn.coinafrique.com/categorie/autres-animaux?page=3","Chaton Gimalayen Siamois","250 000CFA","Fann, Dakar, Sénégal","https://sn.coinafrique.com/annonce/autres-animaux/chaton-gimalayen-siamois-4333502"
"1765154393-270","https://sn.coinafrique.com/categorie/autres-animaux?page=3","Perruches ondulées","20 000CFA","Point E, Dakar, Sénégal","https://sn.coinafrique.com/annonce/autres-animaux/perruches-ondulees-4331659"
"1765154393-271","https://sn.coinafrique.com/categorie/autres-animaux?page=3","Perroquets","60 000CFA","Point E, Dakar, Sénégal","https://sn.coinafrique.com/annonce/autres-animaux/perroquets-4331654"
"1765154393-272","https://sn.coinafrique.com/categorie/autres-animaux?page=3","Cailles de chair","500CFA","Colobane, Dakar, Sénégal","https://sn.coinafrique.com/annonce/autres-animaux/cailles-de-chair-4327166"
"1765154393-273","https://sn.coinafrique.com/categorie/autres-animaux?page=3","Poussins d'autruche","50 000CFA","Bambey, Sénégal","https://sn.coinafrique.com/annonce/autres-animaux/poussins-dautruche-4292496"
"1765154393-274","https://sn.coinafrique.com/categorie/autres-animaux?page=3","Chat tigré","60 000CFA","Rufisque, Sénégal","https://sn.coinafrique.com/annonce/autres-animaux/chat-tigre-4290090"
"1765154393-275","https://sn.coinafrique.com/categorie/autres-animaux?page=3","Chat tigré","60 000CFA","Rufisque, Sénégal","https://sn.coinafrique.com/annonce/autres-animaux/chat-tigre-4290086"
"1765154393-276","https://sn.coinafrique.com/categorie/autres-animaux?page=3","Canard","30 000CFA","Guediawaye, Dakar, Sénégal","https://sn.coinafrique.com/annonce/autres-animaux/canard-4251761"
"1765154393-277","https://sn.coinafrique.com/categorie/autres-animaux?page=3","Autruche","40 000CFA","Bambey, Sénégal","https://sn.coinafrique.com/annonce/autres-animaux/autruche-4274068"
"1765154393-278","https://sn.coinafrique.com/categorie/autres-animaux?page=3","Chatons persans chinchilla golden shaded","500 000CFA","Sicap Liberté, Dakar, Sénégal","https://sn.coinafrique.com/annonce/autres-animaux/chatons-persans-chinchilla-golden-shaded-4268926"
"1765154393-279","https://sn.coinafrique.com/categorie/autres-animaux?page=3","Chat persan chinchilla blue golden shaded","650 000CFA","Sicap Liberté, Dakar, Sénégal","https://sn.coinafrique.com/annonce/autres-animaux/chat-persan-chinchilla-blue-golden-shaded-4268866"
"1765154393-280","https://sn.coinafrique.com/categorie/autres-animaux?page=3","Chat persan chinchilla golden shaded","500 000CFA","Sicap Liberté, Dakar, Sénégal","https://sn.coinafrique.com/annonce/autres-animaux/chat-persan-chinchilla-golden-shaded-4268857"
"1765154393-281","https://sn.coinafrique.com/categorie/autres-animaux?page=3","Perruches ondulées","20 000CFA","Dieuppeul-Derklé, Dakar, Sénégal","https://sn.coinafrique.com/annonce/autres-animaux/perruches-ondulees-4268218"
"1765154393-282","https://sn.coinafrique.com/categorie/autres-animaux?page=3","Oies","45 000CFA","Thies, Sénégal","https://sn.coinafrique.com/annonce/autres-animaux/oies-4263743"
"1765154393-283","https://sn.coinafrique.com/categorie/autres-animaux?page=3","Poissons aquariums","7 500CFA","Dakar Plateau, Dakar, Sénégal","https://sn.coinafrique.com/annonce/autres-animaux/poissons-aquariums-4258053"
"1765154393-284","https://sn.coinafrique.com/categorie/autres-animaux?page=3","Chaton","Prix sur demande","Ouest Foire, Dakar, Sénégal","https://sn.coinafrique.com/annonce/autres-animaux/chaton-4254477"
"1765154393-285","https://sn.coinafrique.com/categorie/autres-animaux?page=3","Paon","Prix sur demande","Yoff, Dakar, Sénégal","https://sn.coinafrique.com/annonce/autres-animaux/paon-4250701"
"1765154393-286","https://sn.coinafrique.com/categorie/autres-animaux?page=3","Perruche","30 000CFA","Point E, Dakar, Sénégal","https://sn.coinafrique.com/annonce/autres-animaux/perruche-4236158"
"1765154393-287","https://sn.coinafrique.com/categorie/autres-animaux?page=3","Paon","400CFA","Touba, Sénégal","https://sn.coinafrique.com/annonce/autres-animaux/paon-4226444"
"1765154393-288","https://sn.coinafrique.com/categorie/autres-animaux?page=3","Poussins bleus hollandais","1 500CFA","Mbao, Dakar, Sénégal","https://sn.coinafrique.com/annonce/autres-animaux/poussins-bleus-hollandais-4223952"
"1765154393-289","https://sn.coinafrique.com/categorie/autres-animaux?page=3","Chaton Siamois Himalayen","275 000CFA","Fann, Dakar, Sénégal","https://sn.coinafrique.com/annonce/autres-animaux/chaton-siamois-himalayen-4215680"
"1765154393-290","https://sn.coinafrique.com/categorie/autres-animaux?page=3","Poissons aquarium","15 000CFA","Dakar Plateau, Dakar, Sénégal","https://sn.coinafrique.com/annonce/autres-animaux/poissons-aquarium-4213007"
"1765154393-291","https://sn.coinafrique.com/categorie/autres-animaux?page=3","Cailles","7 000CFA","Touba, Sénégal","https://sn.coinafrique.com/annonce/autres-animaux/cailles-4208226"
"1765154393-292","https://sn.coinafrique.com/categorie/autres-animaux?page=3","Boeuf","600 000CFA","Bambey, Sénégal","https://sn.coinafrique.com/annonce/autres-animaux/boeuf-4196106"
"1765154393-293","https://sn.coinafrique.com/categorie/autres-animaux?page=3","Perruches","30 000CFA","Hann Bel-Air, Dakar, Sénégal","https://sn.coinafrique.com/annonce/autres-animaux/perruches-4194617"
"1765154393-294","https://sn.coinafrique.com/categorie/autres-animaux?page=3","Perroquet","35 000CFA","Dakar, Sénégal","https://sn.coinafrique.com/annonce/autres-animaux/perroquet-4185842"
"1765154393-295","https://sn.coinafrique.com/categorie/autres-animaux?page=3","Couple de perruches","14 900CFA","Thies, Sénégal","https://sn.coinafrique.com/annonce/autres-animaux/couple-de-perruches-4180902"
"1765154393-296","https://sn.coinafrique.com/categorie/autres-animaux?page=3","Chaton siamois","240 000CFA","Sacré-Coeur, Dakar, Sénégal","https://sn.coinafrique.com/annonce/autres-animaux/chaton-siamois-4180282"
"1765154393-297","https://sn.coinafrique.com/categorie/autres-animaux?page=3","Dinde","45 000CFA","Touba, Sénégal","https://sn.coinafrique.com/annonce/autres-animaux/dinde-4170236"
"1765154393-298","https://sn.coinafrique.com/categorie/autres-animaux?page=3","Dindes","100 000CFA","Parcelle Assainies, Dakar, Sénégal","https://sn.coinafrique.com/annonce/autres-animaux/dindes-4169875"
"1765154393-299","https://sn.coinafrique.com/categorie/autres-animaux?page=3","Dindes","100 000CFA","Parcelle Assainies, Dakar, Sénégal","https://sn.coinafrique.com/annonce/autres-animaux/dindes-4169870"
"1765154393-300","https://sn.coinafrique.com/categorie/autres-animaux?page=3","Hamster doré","Prix sur demande","Patte d'oie, Dakar, Sénégal","https://sn.coinafrique.com/annonce/autres-animaux/hamster-dore-4169247"
"1765154393-301","https://sn.coinafrique.com/categorie/autres-animaux?page=3","Perroquet","20 000CFA","Dakar, Sénégal","https://sn.coinafrique.com/annonce/autres-animaux/perroquet-4141464"
"1765154393-302","https://sn.coinafrique.com/categorie/autres-animaux?page=3","Canard colvert","32 500CFA","Almadies 2, Dakar, Sénégal","https://sn.coinafrique.com/annonce/autres-animaux/canard-colvert-4141195"
"1765154393-303","https://sn.coinafrique.com/categorie/autres-animaux?page=3","Chatte persane himalayenne","200 000CFA","Dakar, Sénégal","https://sn.coinafrique.com/annonce/autres-animaux/chatte-persane-himalayenne-4140736"
"1765154393-304","https://sn.coinafrique.com/categorie/autres-animaux?page=3","Oies","35 000CFA","Thies, Sénégal","https://sn.coinafrique.com/annonce/autres-animaux/oies-4119270"
"1765154393-305","https://sn.coinafrique.com/categorie/autres-animaux?page=3","Hamster dorée","15 000CFA","Sacré-Coeur, Dakar, Sénégal","https://sn.coinafrique.com/annonce/autres-animaux/hamster-doree-4110101"
"1765154393-306","https://sn.coinafrique.com/categorie/autres-animaux?page=3","Chèvre sahelienne","180 000CFA","Mbour, Sénégal","https://sn.coinafrique.com/annonce/autres-animaux/chevre-sahelienne-4103018"
"1765154393-307","https://sn.coinafrique.com/categorie/autres-animaux?page=3","Chats siamois himalayen","300 000CFA","Thies, Sénégal","https://sn.coinafrique.com/annonce/autres-animaux/chats-siamois-himalayen-4102440"
"1765154393-308","https://sn.coinafrique.com/categorie/autres-animaux?page=3","Chaton angora","180 000CFA","Fann, Dakar, Sénégal","https://sn.coinafrique.com/annonce/autres-animaux/chaton-angora-4102298"
"1765154393-309","https://sn.coinafrique.com/categorie/autres-animaux?page=3","Cheval","Prix sur demande","Ouakam, Dakar, Sénégal","https://sn.coinafrique.com/annonce/autres-animaux/cheval-4092862"
"1765154393-310","https://sn.coinafrique.com/categorie/autres-animaux?page=3","Bœuf","600 000CFA","Bambey, Sénégal","https://sn.coinafrique.com/annonce/autres-animaux/buf-4090572"
"1765154393-311","https://sn.coinafrique.com/categorie/autres-animaux?page=3","Oies","65 000CFA","Niaga, Sénégal","https://sn.coinafrique.com/annonce/autres-animaux/oies-4064457"
"1765154393-312","https://sn.coinafrique.com/categorie/autres-animaux?page=3","Dinde","50 000CFA","Dakar, Sénégal","https://sn.coinafrique.com/annonce/autres-animaux/dinde-4060300"
"1765154393-313","https://sn.coinafrique.com/categorie/autres-animaux?page=3","Canards","20 000CFA","Dakar, Sénégal","https://sn.coinafrique.com/annonce/autres-animaux/canards-4056116"
"1765154393-314","https://sn.coinafrique.com/categorie/autres-animaux?page=3","Dindons","175 000CFA","Dakar, Sénégal","https://sn.coinafrique.com/annonce/autres-animaux/dindons-4056115"
"1765154393-315","https://sn.coinafrique.com/categorie/autres-animaux?page=3","Perruches ondulées","7 000CFA","Hann Bel-Air, Dakar, Sénégal","https://sn.coinafrique.com/annonce/autres-animaux/perruches-ondulees-4049517"
"1765154393-316","https://sn.coinafrique.com/categorie/autres-animaux?page=3","Boeuf","Prix sur demande","Niaga, Sénégal","https://sn.coinafrique.com/annonce/autres-animaux/boeuf-4047285"
"1765154393-317","https://sn.coinafrique.com/categorie/autres-animaux?page=3","Oies de garde","200 000CFA","Mbour, Sénégal","https://sn.coinafrique.com/annonce/autres-animaux/oies-de-garde-4033376"
"1765154393-318","https://sn.coinafrique.com/categorie/autres-animaux?page=3","Cheval","450 000CFA","Thies, Sénégal","https://sn.coinafrique.com/annonce/autres-animaux/cheval-4029054"
"1765154393-319","https://sn.coinafrique.com/categorie/autres-animaux?page=3","Jument","550 000CFA","Thies, Sénégal","https://sn.coinafrique.com/annonce/autres-animaux/jument-4029052"
"1765154393-320","https://sn.coinafrique.com/categorie/autres-animaux?page=3","Vache","475CFA","Niaga, Sénégal","https://sn.coinafrique.com/annonce/autres-animaux/vache-4015081"
"1765154393-321","https://sn.coinafrique.com/categorie/autres-animaux?page=3","Perroquets Roseicollis","50 000CFA","Point E, Dakar, Sénégal","https://sn.coinafrique.com/annonce/autres-animaux/perroquets-roseicollis-4006084"
"1765154393-322","https://sn.coinafrique.com/categorie/autres-animaux?page=3","Chaton Persan","400 000CFA","Fann, Dakar, Sénégal","https://sn.coinafrique.com/annonce/autres-animaux/chaton-persan-4004300"
"1765154624-323","https://sn.coinafrique.com/categorie/autres-animaux?page=2","Bœufs","800 000CFA","Keur Massar, Sénégal","https://sn.coinafrique.com/annonce/autres-animaux/bufs-5042261"
"1765154624-324","https://sn.coinafrique.com/categorie/autres-animaux?page=2","Mondain","140 000CFA","Guediawaye, Dakar, Sénégal","https://sn.coinafrique.com/annonce/autres-animaux/mondain-5041931"
"1765154624-325","https://sn.coinafrique.com/categorie/autres-animaux?page=2","Himalayen","265 000CFA","Dakar Plateau, Dakar, Sénégal","https://sn.coinafrique.com/annonce/autres-animaux/himalayen-5041105"
"1765154624-326","https://sn.coinafrique.com/categorie/autres-animaux?page=2","persan pure race","400 000CFA","Dakar Plateau, Dakar, Sénégal","https://sn.coinafrique.com/annonce/autres-animaux/persan-pure-race-5041103"
"1765154624-327","https://sn.coinafrique.com/categorie/autres-animaux?page=2","British et scottish pure race","650 000CFA","Dakar Plateau, Dakar, Sénégal","https://sn.coinafrique.com/annonce/autres-animaux/british-et-scottish-pure-race-5041101"
"1765154624-328","https://sn.coinafrique.com/categorie/autres-animaux?page=2","Dindes","25 000CFA","Almadies 2, Dakar, Sénégal","https://sn.coinafrique.com/annonce/autres-animaux/dindes-5035473"
"1765154624-329","https://sn.coinafrique.com/categorie/autres-animaux?page=2","Bœuf","300 000CFA","Biscuiterie, Dakar, Sénégal","https://sn.coinafrique.com/annonce/autres-animaux/buf-5022926"
"1765154624-330","https://sn.coinafrique.com/categorie/autres-animaux?page=2","Chaton de 1 mois","20 000CFA","Mariste, Dakar, Sénégal","https://sn.coinafrique.com/annonce/autres-animaux/chaton-de-1-mois-5017864"
"1765154624-331","https://sn.coinafrique.com/categorie/autres-animaux?page=2","Caille","1 500CFA","Guediawaye, Dakar, Sénégal","https://sn.coinafrique.com/annonce/autres-animaux/caille-5001807"
"1765154624-332","https://sn.coinafrique.com/categorie/autres-animaux?page=2","Couple dinde","Prix sur demande","Guediawaye, Dakar, Sénégal","https://sn.coinafrique.com/annonce/autres-animaux/couple-dinde-5001804"
"1765154624-333","https://sn.coinafrique.com/categorie/autres-animaux?page=2","Chat Siamois","170 000CFA","Point E, Dakar, Sénégal","https://sn.coinafrique.com/annonce/autres-animaux/chat-siamois-4997392"
"1765154624-334","https://sn.coinafrique.com/categorie/autres-animaux?page=2","Bœuf","700 000CFA","Keur Massar, Sénégal","https://sn.coinafrique.com/annonce/autres-animaux/buf-4996496"
"1765154624-335","https://sn.coinafrique.com/categorie/autres-animaux?page=2","Boeuf","Prix sur demande","Thies, Sénégal","https://sn.coinafrique.com/annonce/autres-animaux/boeuf-4995019"
"1765154624-336","https://sn.coinafrique.com/categorie/autres-animaux?page=2","Tortue","35 000CFA","Hann Bel-Air, Dakar, Sénégal","https://sn.coinafrique.com/annonce/autres-animaux/tortue-4976748"
"1765154624-337","https://sn.coinafrique.com/categorie/autres-animaux?page=2","Bleus","Prix sur demande","Sicap Liberté, Dakar, Sénégal","https://sn.coinafrique.com/annonce/autres-animaux/bleus-4974963"
"1765154624-338","https://sn.coinafrique.com/categorie/autres-animaux?page=2","Perroquet","399 000CFA","Sicap Liberté, Dakar, Sénégal","https://sn.coinafrique.com/annonce/autres-animaux/perroquet-4967605"
"1765154624-339","https://sn.coinafrique.com/categorie/autres-animaux?page=2","Œufs de caille","4 500CFA","Mbour, Sénégal","https://sn.coinafrique.com/annonce/autres-animaux/ufs-de-caille-4962446"
"1765154624-340","https://sn.coinafrique.com/categorie/autres-animaux?page=2","Cailles de chair","2 500CFA","Thies, Sénégal","https://sn.coinafrique.com/annonce/autres-animaux/cailles-de-chair-4957482"
"1765154624-341","https://sn.coinafrique.com/categorie/autres-animaux?page=2","Chaton","50 000CFA","Dakar, Sénégal","https://sn.coinafrique.com/annonce/autres-animaux/chaton-4956743"
"1765154624-342","https://sn.coinafrique.com/categorie/autres-animaux?page=2","Pintade noire","800 000CFA","Hann Bel-Air, Dakar, Sénégal","https://sn.coinafrique.com/annonce/autres-animaux/pintade-noire-4942157"
"1765154624-343","https://sn.coinafrique.com/categorie/autres-animaux?page=2","Chaton Persan Peaky Face","590 000CFA","Point E, Dakar, Sénégal","https://sn.coinafrique.com/annonce/autres-animaux/chaton-persan-peaky-face-4941927"
"1765154624-344","https://sn.coinafrique.com/categorie/autres-animaux?page=2","Chat","350 000CFA","Grand Dakar, Dakar, Sénégal","https://sn.coinafrique.com/annonce/autres-animaux/chat-4928423"
"1765154624-345","https://sn.coinafrique.com/categorie/autres-animaux?page=2","Chatons","Prix sur demande","Mariste, Dakar, Sénégal","https://sn.coinafrique.com/annonce/autres-animaux/chatons-4922546"
"1765154624-346","https://sn.coinafrique.com/categorie/autres-animaux?page=2","Poussins de canard","2 500CFA","Guediawaye, Dakar, Sénégal","https://sn.coinafrique.com/annonce/autres-animaux/poussins-de-canard-4917429"
"1765154624-347","https://sn.coinafrique.com/categorie/autres-animaux?page=2","Dinde rouge Ardenne","Prix sur demande","Guediawaye, Dakar, Sénégal","https://sn.coinafrique.com/annonce/autres-animaux/dinde-rouge-ardenne-4917420"
"1765154624-348","https://sn.coinafrique.com/categorie/autres-animaux?page=2","Perroquets","50 000CFA","Point E, Dakar, Sénégal","https://sn.coinafrique.com/annonce/autres-animaux/perroquets-4903200"
"1765154624-349","https://sn.coinafrique.com/categorie/autres-animaux?page=2","Poisson Aquarium","8 500CFA","Dakar Plateau, Dakar, Sénégal","https://sn.coinafrique.com/annonce/autres-animaux/poisson-aquarium-4898597"
"1765154624-350","https://sn.coinafrique.com/categorie/autres-animaux?page=2","Bœufs","Prix sur demande","Niaga, Sénégal","https://sn.coinafrique.com/annonce/autres-animaux/bufs-4895608"
"1765154624-351","https://sn.coinafrique.com/categorie/autres-animaux?page=2","Chatons persans chinchillas purs","550 000CFA","Sicap Liberté, Dakar, Sénégal","https://sn.coinafrique.com/annonce/autres-animaux/chatons-persans-chinchillas-purs-4888897"
"1765154624-352","https://sn.coinafrique.com/categorie/autres-animaux?page=2","Autruche","750 000CFA","Almadies 2, Dakar, Sénégal","https://sn.coinafrique.com/annonce/autres-animaux/autruche-4885138"
"1765154624-353","https://sn.coinafrique.com/categorie/autres-animaux?page=2","Œufs de caille","3 000CFA","Thies, Sénégal","https://sn.coinafrique.com/annonce/autres-animaux/ufs-de-caille-4880858"
"1765154624-354","https://sn.coinafrique.com/categorie/autres-animaux?page=2","Œufs de caille","3 000CFA","Thies, Sénégal","https://sn.coinafrique.com/annonce/autres-animaux/ufs-de-caille-4880849"
"1765154624-355","https://sn.coinafrique.com/categorie/autres-animaux?page=2","vache","Prix sur demande","Niaga, Sénégal","https://sn.coinafrique.com/annonce/autres-animaux/vache-4878570"
"1765154624-356","https://sn.coinafrique.com/categorie/autres-animaux?page=2","Vache","350 000CFA","Gassane, Sénégal","https://sn.coinafrique.com/annonce/autres-animaux/vache-4864739"
"1765154624-357","https://sn.coinafrique.com/categorie/autres-animaux?page=2","Chaton hiamalayen","200 000CFA","Dakar Plateau, Dakar, Sénégal","https://sn.coinafrique.com/annonce/autres-animaux/chaton-hiamalayen-4864117"
"1765154624-358","https://sn.coinafrique.com/categorie/autres-animaux?page=2","Siamois","200 000CFA","Yoff, Dakar, Sénégal","https://sn.coinafrique.com/annonce/autres-animaux/siamois-4855435"
"1765154624-359","https://sn.coinafrique.com/categorie/autres-animaux?page=2","Bœufs race Goudali","Prix sur demande","Dakar, Sénégal","https://sn.coinafrique.com/annonce/autres-animaux/bufs-race-goudali-4853741"
"1765154624-360","https://sn.coinafrique.com/categorie/autres-animaux?page=2","Vache montbéliardes","2 000 000CFA","Pikine, Sénégal","https://sn.coinafrique.com/annonce/autres-animaux/vache-montbeliardes-4851931"
"1765154624-361","https://sn.coinafrique.com/categorie/autres-animaux?page=2","Perruche ondulée","15 000CFA","Dieuppeul-Derklé, Dakar, Sénégal","https://sn.coinafrique.com/annonce/autres-animaux/perruche-ondulee-4846061"
"1765154624-362","https://sn.coinafrique.com/categorie/autres-animaux?page=2","Perruche ondulée","30 000CFA","Dieuppeul-Derklé, Dakar, Sénégal","https://sn.coinafrique.com/annonce/autres-animaux/perruche-ondulee-4846053"
"1765154624-363","https://sn.coinafrique.com/categorie/autres-animaux?page=2","Perruches ondulées blanches","20 000CFA","Dieuppeul-Derklé, Dakar, Sénégal","https://sn.coinafrique.com/annonce/autres-animaux/perruches-ondulees-blanches-4846024"
"1765154624-364","https://sn.coinafrique.com/categorie/autres-animaux?page=2","Persan pure race","500 000CFA","Dakar Plateau, Dakar, Sénégal","https://sn.coinafrique.com/annonce/autres-animaux/persan-pure-race-4818301"
"1765154624-365","https://sn.coinafrique.com/categorie/autres-animaux?page=2","Chatons Persan pure race","430 000CFA","Dakar Plateau, Dakar, Sénégal","https://sn.coinafrique.com/annonce/autres-animaux/chatons-persan-pure-race-4808981"
"1765154624-366","https://sn.coinafrique.com/categorie/autres-animaux?page=2","Scottish fold et scottish straight de race pure","700 000CFA","Dakar Plateau, Dakar, Sénégal","https://sn.coinafrique.com/annonce/autres-animaux/scottish-fold-et-scottish-straight-de-race-pure-4808971"
"1765154624-367","https://sn.coinafrique.com/categorie/autres-animaux?page=2","Foin","4 600CFA","Keur Massar, Sénégal","https://sn.coinafrique.com/annonce/autres-animaux/foin-4807500"
"1765154624-368","https://sn.coinafrique.com/categorie/autres-animaux?page=2","Paon","140 000CFA","Yoff, Dakar, Sénégal","https://sn.coinafrique.com/annonce/autres-animaux/paon-4804686"
"1765154624-369","https://sn.coinafrique.com/categorie/autres-animaux?page=2","Chat scotish","750 000CFA","Dakar Plateau, Dakar, Sénégal","https://sn.coinafrique.com/annonce/autres-animaux/chat-scotish-4803206"
"1765154624-370","https://sn.coinafrique.com/categorie/autres-animaux?page=2","Poussin dinde rouge","15 000CFA","Dakar, Sénégal","https://sn.coinafrique.com/annonce/autres-animaux/poussin-dinde-rouge-4794677"
"1765154624-371","https://sn.coinafrique.com/categorie/autres-animaux?page=2","Cochin Fauve","17 500CFA","Dakar, Sénégal","https://sn.coinafrique.com/annonce/autres-animaux/cochin-fauve-4794473"
"1765154624-372","https://sn.coinafrique.com/categorie/autres-animaux?page=2","Poussin Cochin disponible","17 500CFA","Dakar, Sénégal","https://sn.coinafrique.com/annonce/autres-animaux/poussin-cochin-disponible-4794466"
"1765154624-373","https://sn.coinafrique.com/categorie/autres-animaux?page=2","Chat persan","400 000CFA","Dakar Plateau, Dakar, Sénégal","https://sn.coinafrique.com/annonce/autres-animaux/chat-persan-4785131"
"1765154624-374","https://sn.coinafrique.com/categorie/autres-animaux?page=2","Chaton Angora","350 000CFA","Dakar, Sénégal","https://sn.coinafrique.com/annonce/autres-animaux/chaton-angora-4765270"
"1765154624-375","https://sn.coinafrique.com/categorie/autres-animaux?page=2","Vache laitière Montbéliarde","Prix sur demande","Guediawaye, Dakar, Sénégal","https://sn.coinafrique.com/annonce/autres-animaux/vache-laitiere-montbeliarde-4765247"
"1765154624-376","https://sn.coinafrique.com/categorie/autres-animaux?page=2","Chaton Scottish","450 000CFA","Dakar Plateau, Dakar, Sénégal","https://sn.coinafrique.com/annonce/autres-animaux/chaton-scottish-4755374"
"1765154624-377","https://sn.coinafrique.com/categorie/autres-animaux?page=2","Vaches Montbéliarde","Prix sur demande","Pikine, Sénégal","https://sn.coinafrique.com/annonce/autres-animaux/vaches-montbeliarde-4753936"
"1765154624-378","https://sn.coinafrique.com/categorie/autres-animaux?page=2","Vache Montbéliard et Holstein","Prix sur demande","Rufisque, Sénégal","https://sn.coinafrique.com/annonce/autres-animaux/vache-montbeliard-et-holstein-4753935"
"1765154624-379","https://sn.coinafrique.com/categorie/autres-animaux?page=2","Vache  Montbéliard Holstein","Prix sur demande","Pikine, Sénégal","https://sn.coinafrique.com/annonce/autres-animaux/vache-montbeliard-holstein-4753933"
"1765154624-380","https://sn.coinafrique.com/categorie/autres-animaux?page=2","Boeuf","800 000CFA","Kaolack, Sénégal","https://sn.coinafrique.com/annonce/autres-animaux/boeuf-4752043"
"1765154624-381","https://sn.coinafrique.com/categorie/autres-animaux?page=2","3 chatons","Prix sur demande","Mariste, Dakar, Sénégal","https://sn.coinafrique.com/annonce/autres-animaux/3-chatons-4751663"
"1765154624-382","https://sn.coinafrique.com/categorie/autres-animaux?page=2","Paon bleu","250 000CFA","Rufisque, Sénégal","https://sn.coinafrique.com/annonce/autres-animaux/paon-bleu-4686441"
"1765154624-383","https://sn.coinafrique.com/categorie/autres-animaux?page=2","Perroquet inséparable","60 000CFA","Point E, Dakar, Sénégal","https://sn.coinafrique.com/annonce/autres-animaux/perroquet-inseparable-4724298"
"1765154624-384","https://sn.coinafrique.com/categorie/autres-animaux?page=2","Chat Siamois","300 000CFA","Almadies, Dakar, Sénégal","https://sn.coinafrique.com/annonce/autres-animaux/chat-siamois-4723220"
"1765154624-385","https://sn.coinafrique.com/categorie/autres-animaux?page=2","Hamster","5 000CFA","Almadies, Dakar, Sénégal","https://sn.coinafrique.com/annonce/autres-animaux/hamster-4723216"
"1765154624-386","https://sn.coinafrique.com/categorie/autres-animaux?page=2","Cailles","Prix sur demande","Touba, Sénégal","https://sn.coinafrique.com/annonce/autres-animaux/cailles-4701407"
"1765154624-387","https://sn.coinafrique.com/categorie/autres-animaux?page=2","Perruche","20 000CFA","Mamelles, Dakar, Sénégal","https://sn.coinafrique.com/annonce/autres-animaux/perruche-4701230"
"1765154624-388","https://sn.coinafrique.com/categorie/autres-animaux?page=2","Chaton","Prix sur demande","Ngor, Dakar, Sénégal","https://sn.coinafrique.com/annonce/autres-animaux/chaton-4689687"
"1765154624-389","https://sn.coinafrique.com/categorie/autres-animaux?page=2","Bœufs","Prix sur demande","Parcelle Assainies, Dakar, Sénégal","https://sn.coinafrique.com/annonce/autres-animaux/bufs-4679890"
"1765154624-390","https://sn.coinafrique.com/categorie/autres-animaux?page=2","Paire de perruches ondulées","40 000CFA","Mamelles, Dakar, Sénégal","https://sn.coinafrique.com/annonce/autres-animaux/paire-de-perruches-ondulees-4679396"
"1765154624-391","https://sn.coinafrique.com/categorie/autres-animaux?page=2","Vache brune","Prix sur demande","Mbour, Sénégal","https://sn.coinafrique.com/annonce/autres-animaux/vache-brune-4664799"
"1765154624-392","https://sn.coinafrique.com/categorie/autres-animaux?page=2","Chatons","Prix sur demande","Mariste, Dakar, Sénégal","https://sn.coinafrique.com/annonce/autres-animaux/chatons-4651939"
"1765154624-393","https://sn.coinafrique.com/categorie/autres-animaux?page=2","Couple perroquet  Roseicollis","60 000CFA","Point E, Dakar, Sénégal","https://sn.coinafrique.com/annonce/autres-animaux/couple-perroquet-roseicollis-4651651"
"1765154624-394","https://sn.coinafrique.com/categorie/autres-animaux?page=2","Canard Colvert","25 000CFA","Mariste, Dakar, Sénégal","https://sn.coinafrique.com/annonce/autres-animaux/canard-colvert-4650420"
"1765154624-395","https://sn.coinafrique.com/categorie/autres-animaux?page=2","Chatons","Prix sur demande","Point E, Dakar, Sénégal","https://sn.coinafrique.com/annonce/autres-animaux/chatons-4646165"
"1765154624-396","https://sn.coinafrique.com/categorie/autres-animaux?page=2","Chaton Himalayen","270 000CFA","Dakar Plateau, Dakar, Sénégal","https://sn.coinafrique.com/annonce/autres-animaux/chaton-himalayen-4642742"
"1765154624-397","https://sn.coinafrique.com/categorie/autres-animaux?page=2","Cage avec 3  oiseaux","60 000CFA","Dakar, Sénégal","https://sn.coinafrique.com/annonce/autres-animaux/cage-avec-3-oiseaux-4640165"
"1765154624-398","https://sn.coinafrique.com/categorie/autres-animaux?page=2","Chaton Hymalayen Persan","270 000CFA","Dakar Plateau, Dakar, Sénégal","https://sn.coinafrique.com/annonce/autres-animaux/chaton-hymalayen-persan-4639205"
"1765154624-399","https://sn.coinafrique.com/categorie/autres-animaux?page=2","Chat Brittish Shorthair","700 000CFA","Dakar Plateau, Dakar, Sénégal","https://sn.coinafrique.com/annonce/autres-animaux/chat-brittish-shorthair-4629619"
"1765154624-400","https://sn.coinafrique.com/categorie/autres-animaux?page=2","Chat Persan Chinchilla","400 000CFA","Dakar Plateau, Dakar, Sénégal","https://sn.coinafrique.com/annonce/autres-animaux/chat-persan-chinchilla-4623023"
"1765154624-401","https://sn.coinafrique.com/categorie/autres-animaux?page=2","Poussins de canards","3 000CFA","Guediawaye, Dakar, Sénégal","https://sn.coinafrique.com/annonce/autres-animaux/poussins-de-canards-4619825"
"1765154624-402","https://sn.coinafrique.com/categorie/autres-animaux?page=2","Chaton","Prix sur demande","Ngor, Dakar, Sénégal","https://sn.coinafrique.com/annonce/autres-animaux/chaton-4608863"
"1765154624-403","https://sn.coinafrique.com/categorie/autres-animaux?page=2","Chaton Siamois Hymalayen","240 000CFA","Dakar Plateau, Dakar, Sénégal","https://sn.coinafrique.com/annonce/autres-animaux/chaton-siamois-hymalayen-4593854"
"1765154624-404","https://sn.coinafrique.com/categorie/autres-animaux?page=2","Chaton Persan","400 000CFA","Dakar Plateau, Dakar, Sénégal","https://sn.coinafrique.com/annonce/autres-animaux/chaton-persan-4592914"
"1765154624-405","https://sn.coinafrique.com/categorie/autres-animaux?page=2","Chaton Scottish Fold","750 000CFA","Dakar Plateau, Dakar, Sénégal","https://sn.coinafrique.com/annonce/autres-animaux/chaton-scottish-fold-4571582"
"1765154624-406","https://sn.coinafrique.com/categorie/autres-animaux?page=2","Perroquet youyou","10 000CFA","Dieuppeul-Derklé, Dakar, Sénégal","https://sn.coinafrique.com/annonce/autres-animaux/perroquet-youyou-4570755"
"1765154865-407","https://sn.coinafrique.com/categorie/autres-animaux?page=1","Bœufs","Prix sur demande","Mermoz-Sacré Coeur, Dakar, Sénégal","https://sn.coinafrique.com/annonce/autres-animaux/bufs-5642438"
"1765154865-408","https://sn.coinafrique.com/categorie/autres-animaux?page=1","Taureau","2 500 000CFA","Fatick, Sénégal","https://sn.coinafrique.com/annonce/autres-animaux/taureau-5634272"
"1765154865-409","https://sn.coinafrique.com/categorie/autres-animaux?page=1","Bœuf","650CFA","Bambey, Sénégal","https://sn.coinafrique.com/annonce/autres-animaux/buf-5632019"
"1765154865-410","https://sn.coinafrique.com/categorie/autres-animaux?page=1","Bœuf","725CFA","Bambey, Sénégal","https://sn.coinafrique.com/annonce/autres-animaux/buf-5632012"
"1765154865-411","https://sn.coinafrique.com/categorie/autres-animaux?page=1","Vache","350 000CFA","Patte d'oie, Dakar, Sénégal","https://sn.coinafrique.com/annonce/autres-animaux/vache-5587581"
"1765154865-412","https://sn.coinafrique.com/categorie/autres-animaux?page=1","Bœufs","Prix sur demande","Pikine, Sénégal","https://sn.coinafrique.com/annonce/autres-animaux/bufs-5577776"
"1765154865-413","https://sn.coinafrique.com/categorie/autres-animaux?page=1","Œuf à couver","Prix sur demande","Sicap foire, Dakar, Sénégal","https://sn.coinafrique.com/annonce/autres-animaux/uf-a-couver-5570463"
"1765154865-414","https://sn.coinafrique.com/categorie/autres-animaux?page=1","Perroquets perruches ondulées","25 000CFA","Point E, Dakar, Sénégal","https://sn.coinafrique.com/annonce/autres-animaux/perroquets-perruches-ondulees-5560070"
"1765154865-415","https://sn.coinafrique.com/categorie/autres-animaux?page=1","Pintades","Prix sur demande","Thies, Sénégal","https://sn.coinafrique.com/annonce/autres-animaux/pintades-5547215"
"1765154865-416","https://sn.coinafrique.com/categorie/autres-animaux?page=1","Grand Bouc Hijazi","1 200CFA","Saint Louis, Sénégal","https://sn.coinafrique.com/annonce/autres-animaux/grand-bouc-hijazi-5547149"
"1765154865-417","https://sn.coinafrique.com/categorie/autres-animaux?page=1","Chat Persan chinchilla","170 000CFA","Sicap Liberté, Dakar, Sénégal","https://sn.coinafrique.com/annonce/autres-animaux/chat-persan-chinchilla-5543922"
"1765154865-418","https://sn.coinafrique.com/categorie/autres-animaux?page=1","Taureau métis d'insémination","2 500 000CFA","Fatick, Sénégal","https://sn.coinafrique.com/annonce/autres-animaux/taureau-metis-dinsemination-5543760"
"1765154865-419","https://sn.coinafrique.com/categorie/autres-animaux?page=1","Taureau métis","2 500 000CFA","Fatick, Sénégal","https://sn.coinafrique.com/annonce/autres-animaux/taureau-metis-5538746"
"1765154865-420","https://sn.coinafrique.com/categorie/autres-animaux?page=1","Angora turc-chat","Prix sur demande","Sicap Liberté, Dakar, Sénégal","https://sn.coinafrique.com/annonce/autres-animaux/angora-turc-chat-5536029"
"1765154865-421","https://sn.coinafrique.com/categorie/autres-animaux?page=1","Calopsite élégante","75 000CFA","Point E, Dakar, Sénégal","https://sn.coinafrique.com/annonce/autres-animaux/calopsite-elegante-5530646"
"1765154865-422","https://sn.coinafrique.com/categorie/autres-animaux?page=1","Chaton Chartreux","100 000CFA","Ouest Foire, Dakar, Sénégal","https://sn.coinafrique.com/annonce/autres-animaux/chaton-chartreux-5523792"
"1765154865-423","https://sn.coinafrique.com/categorie/autres-animaux?page=1","Oies toulouse","Prix sur demande","Fass, Dakar, Sénégal","https://sn.coinafrique.com/annonce/autres-animaux/oies-toulouse-5520138"
"1765154865-424","https://sn.coinafrique.com/categorie/autres-animaux?page=1","Cailles et œufs de caille","3 000CFA","Guediawaye, Dakar, Sénégal","https://sn.coinafrique.com/annonce/autres-animaux/cailles-et-ufs-de-caille-5514762"
"1765154865-425","https://sn.coinafrique.com/categorie/autres-animaux?page=1","Chats","Prix sur demande","Almadies, Dakar, Sénégal","https://sn.coinafrique.com/annonce/autres-animaux/chats-5512934"
"1765154865-426","https://sn.coinafrique.com/categorie/autres-animaux?page=1","Chat  siamois","Prix sur demande","Almadies, Dakar, Sénégal","https://sn.coinafrique.com/annonce/autres-animaux/chat-siamois-5512930"
"1765154865-427","https://sn.coinafrique.com/categorie/autres-animaux?page=1","Paon","Prix sur demande","Thies, Sénégal","https://sn.coinafrique.com/annonce/autres-animaux/paon-5506967"
"1765154865-428","https://sn.coinafrique.com/categorie/autres-animaux?page=1","Chaton","35 000CFA","Mariste, Dakar, Sénégal","https://sn.coinafrique.com/annonce/autres-animaux/chaton-5504764"
"1765154865-429","https://sn.coinafrique.com/categorie/autres-animaux?page=1","Oie","40 000CFA","Dakar, Sénégal","https://sn.coinafrique.com/annonce/autres-animaux/oie-5499869"
"1765154865-430","https://sn.coinafrique.com/categorie/autres-animaux?page=1","Lapin nain","Prix sur demande","Dieuppeul-Derklé, Dakar, Sénégal","https://sn.coinafrique.com/annonce/autres-animaux/lapin-nain-5493761"
"1765154865-431","https://sn.coinafrique.com/categorie/autres-animaux?page=1","Chat siamois","Prix sur demande","Almadies, Dakar, Sénégal","https://sn.coinafrique.com/annonce/autres-animaux/chat-siamois-5485800"
"1765154865-432","https://sn.coinafrique.com/categorie/autres-animaux?page=1","Chaton Ragdoll","950 000CFA","Dakar Plateau, Dakar, Sénégal","https://sn.coinafrique.com/annonce/autres-animaux/chaton-ragdoll-5482181"
"1765154865-433","https://sn.coinafrique.com/categorie/autres-animaux?page=1","Boeuf","Prix sur demande","Niaga, Sénégal","https://sn.coinafrique.com/annonce/autres-animaux/boeuf-5480837"
"1765154865-434","https://sn.coinafrique.com/categorie/autres-animaux?page=1","Boeuf","Prix sur demande","Niaga, Sénégal","https://sn.coinafrique.com/annonce/autres-animaux/boeuf-5480832"
"1765154865-435","https://sn.coinafrique.com/categorie/autres-animaux?page=1","Vache","850 000CFA","Rufisque, Sénégal","https://sn.coinafrique.com/annonce/autres-animaux/vache-5479568"
"1765154865-436","https://sn.coinafrique.com/categorie/autres-animaux?page=1","Chaton Scottish","750 000CFA","Dakar Plateau, Dakar, Sénégal","https://sn.coinafrique.com/annonce/autres-animaux/chaton-scottish-5473342"
"1765154865-437","https://sn.coinafrique.com/categorie/autres-animaux?page=1","Chaton persan","400 000CFA","Dakar Plateau, Dakar, Sénégal","https://sn.coinafrique.com/annonce/autres-animaux/chaton-persan-5473339"
"1765154865-438","https://sn.coinafrique.com/categorie/autres-animaux?page=1","Perroquets","60 000CFA","Point E, Dakar, Sénégal","https://sn.coinafrique.com/annonce/autres-animaux/perroquets-5462432"
"1765154865-439","https://sn.coinafrique.com/categorie/autres-animaux?page=1","Bœuf","Prix sur demande","Niaga, Sénégal","https://sn.coinafrique.com/annonce/autres-animaux/buf-5454263"
"1765154865-440","https://sn.coinafrique.com/categorie/autres-animaux?page=1","Bœufs","550CFA","Bambey, Sénégal","https://sn.coinafrique.com/annonce/autres-animaux/bufs-5452011"
"1765154865-441","https://sn.coinafrique.com/categorie/autres-animaux?page=1","Bœufs","650CFA","Bambey, Sénégal","https://sn.coinafrique.com/annonce/autres-animaux/bufs-5452005"
"1765154865-442","https://sn.coinafrique.com/categorie/autres-animaux?page=1","Poulet et dinde","Prix sur demande","Thies, Sénégal","https://sn.coinafrique.com/annonce/autres-animaux/poulet-et-dinde-5441026"
"1765154865-443","https://sn.coinafrique.com/categorie/autres-animaux?page=1","Bœuf","650CFA","Bambey, Sénégal","https://sn.coinafrique.com/annonce/autres-animaux/buf-5437295"
"1765154865-444","https://sn.coinafrique.com/categorie/autres-animaux?page=1","Chat Siamois","250 000CFA","HLM, Dakar, Sénégal","https://sn.coinafrique.com/annonce/autres-animaux/chat-siamois-5435961"
"1765154865-445","https://sn.coinafrique.com/categorie/autres-animaux?page=1","Taureau","Prix sur demande","Bambey, Sénégal","https://sn.coinafrique.com/annonce/autres-animaux/taureau-5427578"
"1765154865-446","https://sn.coinafrique.com/categorie/autres-animaux?page=1","Chatons","200 000CFA","Dakar Plateau, Dakar, Sénégal","https://sn.coinafrique.com/annonce/autres-animaux/chatons-5426216"
"1765154865-447","https://sn.coinafrique.com/categorie/autres-animaux?page=1","Tortue terrestre sulcata","Prix sur demande","Dakar, Sénégal","https://sn.coinafrique.com/annonce/autres-animaux/tortue-terrestre-sulcata-5422356"
"1765154865-448","https://sn.coinafrique.com/categorie/autres-animaux?page=1","Hamster","15 000CFA","Dakar, Sénégal","https://sn.coinafrique.com/annonce/autres-animaux/hamster-5422322"
"1765154865-449","https://sn.coinafrique.com/categorie/autres-animaux?page=1","Taureaux","950 000CFA","Bambey, Sénégal","https://sn.coinafrique.com/annonce/autres-animaux/taureaux-5419672"
"1765154865-450","https://sn.coinafrique.com/categorie/autres-animaux?page=1","Bœuf","625CFA","Dakar, Sénégal","https://sn.coinafrique.com/annonce/autres-animaux/buf-5401469"
"1765154865-451","https://sn.coinafrique.com/categorie/autres-animaux?page=1","Dindons et dindes","Prix sur demande","Thies, Sénégal","https://sn.coinafrique.com/annonce/autres-animaux/dindons-et-dindes-5374129"
"1765154865-452","https://sn.coinafrique.com/categorie/autres-animaux?page=1","Poisson Aquarium","7 500CFA","Dakar, Sénégal","https://sn.coinafrique.com/annonce/autres-animaux/poisson-aquarium-5370855"
"1765154865-453","https://sn.coinafrique.com/categorie/autres-animaux?page=1","Veau","6 500 000CFA","Sicap Liberté, Dakar, Sénégal","https://sn.coinafrique.com/annonce/autres-animaux/veau-5363603"
"1765154865-454","https://sn.coinafrique.com/categorie/autres-animaux?page=1","Dinde","30 000CFA","Thies, Sénégal","https://sn.coinafrique.com/annonce/autres-animaux/dinde-5350940"
"1765154865-455","https://sn.coinafrique.com/categorie/autres-animaux?page=1","Bouc","80 000CFA","Keur Massar, Sénégal","https://sn.coinafrique.com/annonce/autres-animaux/bouc-5350345"
"1765154865-456","https://sn.coinafrique.com/categorie/autres-animaux?page=1","Chaton","350 000CFA","Dakar Plateau, Dakar, Sénégal","https://sn.coinafrique.com/annonce/autres-animaux/chaton-5344588"
"1765154865-457","https://sn.coinafrique.com/categorie/autres-animaux?page=1","Chaton Angora turc","Prix sur demande","Point E, Dakar, Sénégal","https://sn.coinafrique.com/annonce/autres-animaux/chaton-angora-turc-5341379"
"1765154865-458","https://sn.coinafrique.com/categorie/autres-animaux?page=1","Chatons","200 000CFA","Dakar Plateau, Dakar, Sénégal","https://sn.coinafrique.com/annonce/autres-animaux/chatons-5330509"
"1765154865-459","https://sn.coinafrique.com/categorie/autres-animaux?page=1","Perroquet Rose Gorge","50 000CFA","Point E, Dakar, Sénégal","https://sn.coinafrique.com/annonce/autres-animaux/perroquet-rose-gorge-5329928"
"1765154865-460","https://sn.coinafrique.com/categorie/autres-animaux?page=1","Cailles","Prix sur demande","Thies, Sénégal","https://sn.coinafrique.com/annonce/autres-animaux/cailles-5321576"
"1765154865-461","https://sn.coinafrique.com/categorie/autres-animaux?page=1","Boeuf","350 000CFA","Bambey, Sénégal","https://sn.coinafrique.com/annonce/autres-animaux/boeuf-5317378"
"1765154865-462","https://sn.coinafrique.com/categorie/autres-animaux?page=1","Chèvre race ndama","350 000CFA","Rufisque, Sénégal","https://sn.coinafrique.com/annonce/autres-animaux/chevre-race-ndama-5315130"
"1765154865-463","https://sn.coinafrique.com/categorie/autres-animaux?page=1","Vaches","325CFA","Bambey, Sénégal","https://sn.coinafrique.com/annonce/autres-animaux/vaches-5308237"
"1765154865-464","https://sn.coinafrique.com/categorie/autres-animaux?page=1","Canards","7 000CFA","Hann Bel-Air, Dakar, Sénégal","https://sn.coinafrique.com/annonce/autres-animaux/canards-5300877"
"1765154865-465","https://sn.coinafrique.com/categorie/autres-animaux?page=1","Cheval","Prix sur demande","Ouakam, Dakar, Sénégal","https://sn.coinafrique.com/annonce/autres-animaux/cheval-5300026"
"1765154865-466","https://sn.coinafrique.com/categorie/autres-animaux?page=1","Chat Persan","450 000CFA","Point E, Dakar, Sénégal","https://sn.coinafrique.com/annonce/autres-animaux/chat-persan-5297087"
"1765154865-467","https://sn.coinafrique.com/categorie/autres-animaux?page=1","Couple pintades adultes","35 000CFA","Sicap foire, Dakar, Sénégal","https://sn.coinafrique.com/annonce/autres-animaux/couple-pintades-adultes-5295025"
"1765154865-468","https://sn.coinafrique.com/categorie/autres-animaux?page=1","Chaton","375 000CFA","Fann, Dakar, Sénégal","https://sn.coinafrique.com/annonce/autres-animaux/chaton-5278827"
"1765154865-469","https://sn.coinafrique.com/categorie/autres-animaux?page=1","Chatons Siamois","150 000CFA","Ngor, Dakar, Sénégal","https://sn.coinafrique.com/annonce/autres-animaux/chatons-siamois-5275205"
"1765154865-470","https://sn.coinafrique.com/categorie/autres-animaux?page=1","Vaches Montbéliarde","900CFA","Bambey, Sénégal","https://sn.coinafrique.com/annonce/autres-animaux/vaches-montbeliarde-5262041"
"1765154865-471","https://sn.coinafrique.com/categorie/autres-animaux?page=1","Perroquets","60 000CFA","Point E, Dakar, Sénégal","https://sn.coinafrique.com/annonce/autres-animaux/perroquets-5237101"
"1765154865-472","https://sn.coinafrique.com/categorie/autres-animaux?page=1","Chaton Scottish","500 000CFA","Fann, Dakar, Sénégal","https://sn.coinafrique.com/annonce/autres-animaux/chaton-scottish-5234859"
"1765154865-473","https://sn.coinafrique.com/categorie/autres-animaux?page=1","Boeuf","Prix sur demande","Niaga, Sénégal","https://sn.coinafrique.com/annonce/autres-animaux/boeuf-5231174"
"1765154865-474","https://sn.coinafrique.com/categorie/autres-animaux?page=1","Perroquet","60 000CFA","Point E, Dakar, Sénégal","https://sn.coinafrique.com/annonce/autres-animaux/perroquet-5214349"
"1765154865-475","https://sn.coinafrique.com/categorie/autres-animaux?page=1","Chaton Angora","210 000CFA","Sacré-Coeur, Dakar, Sénégal","https://sn.coinafrique.com/annonce/autres-animaux/chaton-angora-5213818"
"1765154865-476","https://sn.coinafrique.com/categorie/autres-animaux?page=1","Boeuf","550CFA","Niaga, Sénégal","https://sn.coinafrique.com/annonce/autres-animaux/boeuf-5205943"
"1765154865-477","https://sn.coinafrique.com/categorie/autres-animaux?page=1","Hamster","15 000CFA","Almadies 2, Dakar, Sénégal","https://sn.coinafrique.com/annonce/autres-animaux/hamster-5189132"
"1765154865-478","https://sn.coinafrique.com/categorie/autres-animaux?page=1","Canards mâles et femelles","Prix sur demande","Thies, Sénégal","https://sn.coinafrique.com/annonce/autres-animaux/canards-males-et-femelles-5185900"
"1765154865-479","https://sn.coinafrique.com/categorie/autres-animaux?page=1","Caille","15 000CFA","Keur Massar, Sénégal","https://sn.coinafrique.com/annonce/autres-animaux/caille-5182728"
"1765154865-480","https://sn.coinafrique.com/categorie/autres-animaux?page=1","Boeuf","Prix sur demande","Niaga, Sénégal","https://sn.coinafrique.com/annonce/autres-animaux/boeuf-5179428"
"1765154865-481","https://sn.coinafrique.com/categorie/autres-animaux?page=1","Perroquet perruches ondulées","20 000CFA","Point E, Dakar, Sénégal","https://sn.coinafrique.com/annonce/autres-animaux/perroquet-perruches-ondulees-5138284"
"1765154865-482","https://sn.coinafrique.com/categorie/autres-animaux?page=1","Perroquets","15 000CFA","Thies, Sénégal","https://sn.coinafrique.com/annonce/autres-animaux/perroquets-5125396"
"1765154865-483","https://sn.coinafrique.com/categorie/autres-animaux?page=1","Perruches ondulées","20 000CFA","Point E, Dakar, Sénégal","https://sn.coinafrique.com/annonce/autres-animaux/perruches-ondulees-5103176"
"1765154865-484","https://sn.coinafrique.com/categorie/autres-animaux?page=1","Chaton","Prix sur demande","Dakar Plateau, Dakar, Sénégal","https://sn.coinafrique.com/annonce/autres-animaux/chaton-5096028"
"1765154865-485","https://sn.coinafrique.com/categorie/autres-animaux?page=1","Chaton Siamois","235 000CFA","Dakar Plateau, Dakar, Sénégal","https://sn.coinafrique.com/annonce/autres-animaux/chaton-siamois-5092278"
"1765154865-486","https://sn.coinafrique.com/categorie/autres-animaux?page=1","Poissons Aquarium","8 500CFA","Dakar, Sénégal","https://sn.coinafrique.com/annonce/autres-animaux/poissons-aquarium-5068623"
"1765154865-487","https://sn.coinafrique.com/categorie/autres-animaux?page=1","Tortues terrestres","35 000CFA","Ouest Foire, Dakar, Sénégal","https://sn.coinafrique.com/annonce/autres-animaux/tortues-terrestres-5066823"
"1765154865-488","https://sn.coinafrique.com/categorie/autres-animaux?page=1","Bœuf","800 000CFA","Mbao, Dakar, Sénégal","https://sn.coinafrique.com/annonce/autres-animaux/buf-5054269"
"1765154865-489","https://sn.coinafrique.com/categorie/autres-animaux?page=1","Bœuf","800 000CFA","Mbao, Dakar, Sénégal","https://sn.coinafrique.com/annonce/autres-animaux/buf-5054268"
"1765154865-490","https://sn.coinafrique.com/categorie/autres-animaux?page=1","Chat Persan","400 000CFA","Dakar Plateau, Dakar, Sénégal","https://sn.coinafrique.com/annonce/autres-animaux/chat-persan-5050095"
